CID,name,CN_TriggerLevel,skill_tag,CN_skill_tag,skill_text,INSTRUCTION,damage_ratio,damage_ratio_growth,D_LEVEL12,D_LEVEL14,D_LEVEL16,stun_ratio,stun_ratio_growth,S_LEVEL12,S_LEVEL14,S_LEVEL16,sp_threshold,sp_consume,sp_recovery,fever_recovery,distance_attenuation,initial_level,anomaly_accumulation,skill_type,trigger_buff_level,element_type,element_damage_percent,diff_multiplier,ticks,hit_times,interruption_resistance
1241,朱鸢,普攻,1241_NA_1,第1段普攻,0,0,0.431,0.04,0.871,0.951,1.031,0.216,0.01,0.326,0.346,0.366,0,0,0.71,4.9,0,0,0,0,0,0,0,0,29,2,0
1241,朱鸢,普攻,1241_NA_2,第2段普攻,0,0,1.264,0.115,2.529,2.759,2.989,0.973,0.045,1.468,1.558,1.648,0,0,3.18,22.1,0,0,0,0,0,0,1,0,59,4,0
1241,朱鸢,普攻,1241_NA_3,第3段普攻,0,0,1.373,0.125,2.748,2.998,3.248,0.947,0.044,1.431,1.519,1.607,0,0,3.1,21.53,0,0,0,0,0,0,0,0,50,5,0
1241,朱鸢,普攻,1241_NA_4,第4段普攻,0,0,1.51,0.138,3.028,3.304,3.58,1.243,0.057,1.87,1.984,2.098,0,0,4.07,28.25,0,0,0,0,0,0,1,0,66,4,0
1241,朱鸢,普攻,1241_NA_5,第5段普攻,0,0,1.622,0.148,3.25,3.546,3.842,1.392,0.064,2.096,2.224,2.352,0,0,4.67,32.48,0,0,6225,0,0,4,0.690627202,0,55,1,0
1241,朱鸢,强化特殊技,1241_E_EX_B,强化E形态B,0,0,14.674,0.534,20.548,21.616,22.684,4.8,0.219,7.209,7.647,8.085,60,60,0,154.8,0,0,47391,1,2,4,1,0,0,1,0
1241,朱鸢,普攻,1241_SNA_1,第1段特殊普攻,0,0,0.537,0.049,1.076,1.174,1.272,0.596,0.028,0.904,0.96,1.016,0,0,0.99,6.9,0,0,0,0,0,0,0,0,35,3,0
1241,朱鸢,普攻,1241_SNA_1_α,第1段特殊普攻（α衔接）,0,0,0.537,0.049,1.076,1.174,1.272,0.596,0.028,0.904,0.96,1.016,0,0,2.58,17.93,0,0,0,0,0,0,0,0,49,3,0
1241,朱鸢,普攻,1241_SNA_1_β,第1段特殊普攻（β衔接）,0,0,0.537,0.049,1.076,1.174,1.272,0.596,0.028,0.904,0.96,1.016,0,0,2.58,17.93,0,0,0,0,0,0,0,0,47,3,0
1241,朱鸢,普攻,1241_SNA_2,第2段特殊普攻,0,0,0.537,0.049,1.076,1.174,1.272,0.596,0.028,0.904,0.96,1.016,0,0,1.9,13.18,0,0,0,0,0,0,0,0,28,3,0
1241,朱鸢,普攻,1241_SNA_3,第3段特殊普攻,0,0,0.5363,0.049,1.0753,1.1733,1.2713,0.5957,0.0273,0.896,0.9506,1.0052,0,0,4.92,34.18,0,0,0,0,0,0,0,0,22,3,0
1241,朱鸢,普攻,1241_SNA_4,第4段特殊普攻,0,0,0.5363,0.049,1.0753,1.1733,1.2713,0.5957,0.0273,0.896,0.9506,1.0052,0,0,3.97,27.6,0,0,0,0,0,0,0,0,15,3,0
1241,朱鸢,普攻,1241_SNA_5,第5段特殊普攻,0,0,0.5363,0.049,1.0753,1.1733,1.2713,0.5957,0.0273,0.896,0.9506,1.0052,0,0,0.99,6.9,0,0,0,0,0,0,0,0,43,3,0
1241,朱鸢,普攻,1241_SNA_1_A,第1段特殊普攻（形态A）,0,0,1.359,0.124,2.723,2.971,3.219,0.596,0.028,0.904,0.96,1.016,0,0,0.99,6.9,0,0,5453,0,0,4,1,0,35,3,0
1241,朱鸢,普攻,1241_SNA_1_A_α,第1段特殊普攻（形态A-α衔接）,0,0,1.359,0.124,2.723,2.971,3.219,0.596,0.028,0.904,0.96,1.016,0,0,0.99,6.9,0,0,5453,0,0,4,1,0,49,3,0
1241,朱鸢,普攻,1241_SNA_1_A_β,第1段特殊普攻（形态A-β衔接）,0,0,1.359,0.124,2.723,2.971,3.219,0.596,0.028,0.904,0.96,1.016,0,0,0.99,6.9,0,0,5453,0,0,4,1,0,47,3,0
1241,朱鸢,普攻,1241_SNA_2_A,第2段特殊普攻（形态A）,0,0,1.359,0.124,2.723,2.971,3.219,0.596,0.028,0.904,0.96,1.016,0,0,1.9,13.18,0,0,5453,0,0,4,1,0,28,3,0
1241,朱鸢,普攻,1241_SNA_3_A,第3段特殊普攻（形态A）,0,0,1.359,0.1237,2.7197,2.9671,3.2145,0.5957,0.0273,0.896,0.9506,1.0052,0,0,1.64,11.39,0,0,5453,0,0,4,1,0,22,3,0
1241,朱鸢,普攻,1241_SNA_4_A,第4段特殊普攻（形态A）,0,0,1.359,0.1237,2.7197,2.9671,3.2145,0.5957,0.0273,0.896,0.9506,1.0052,0,0,1.64,11.39,0,0,5453,0,0,4,1,0,15,3,0
1241,朱鸢,普攻,1241_SNA_5_A,第5段特殊普攻（形态A）,0,0,1.359,0.1237,2.7197,2.9671,3.2145,0.5957,0.0273,0.896,0.9506,1.0052,0,0,1.64,11.39,0,0,5453,0,0,4,1,0,43,3,0
1241,朱鸢,特殊技,1241_E,特殊技,0,0,0.184,0.017,0.371,0.405,0.439,0.184,0.009,0.283,0.301,0.319,0,0,0,4.18,0,0,1665,1,1,4,1,0,44,2,0
1241,朱鸢,特殊技,1241_E_A,特殊技形态A,0,0,0.184,0.017,0.371,0.405,0.439,0.184,0.009,0.283,0.301,0.319,0,0,0,4.18,0,0,1665,1,1,4,1,0,40,2,0
1241,朱鸢,特殊技,1241_E_B,特殊技形态B,0,0,0.184,0.017,0.371,0.405,0.439,0.184,0.009,0.283,0.301,0.319,0,0,0,4.18,0,0,1665,1,1,4,1,0,22,2,0
1241,朱鸢,特殊技,1241_E_C,特殊技形态C,0,0,0.184,0.017,0.371,0.405,0.439,0.184,0.009,0.283,0.301,0.319,0,0,0,4.18,0,0,1665,1,1,4,1,0,25,2,0
1241,朱鸢,强化特殊技,1241_E_EX,强化特殊技,0,0,5.874,0.534,11.748,12.816,13.884,4.8,0.219,7.209,7.647,8.085,60,60,0,154.8,0,0,47391,1,2,4,1,0,86,7,0
1241,朱鸢,强化特殊技,1241_E_EX_A,强化E形态A,0,0,5.874,0.534,11.748,12.816,13.884,4.8,0.219,7.209,7.647,8.085,60,60,0,154.8,0,0,47391,1,2,4,1,0,91,7,0
1241,朱鸢,连携技,1241_QTE,连携技,0,0,5.875,0.535,11.76,12.83,13.9,1.486,0.068,2.234,2.37,2.506,0,0,0,153.48,0,0,34783,3,5,4,1,0,91,9,0
1241,朱鸢,连携技,1241_QTE_PRE,连携技僵直,0,0,5.875,0.535,11.76,12.83,13.9,1.486,0.068,2.234,2.37,2.506,0,0,0,153.48,0,0,34783,3,5,4,1,0,55,9,0
1241,朱鸢,冲刺攻击,1241_RA,冲刺攻击,0,0,0.551,0.051,1.112,1.214,1.316,0.276,0.013,0.419,0.445,0.471,0,0,0.901,6.28,0,0,0,2,3,0,1,0,0,0,0
1241,朱鸢,冲刺攻击,1241_RA_F,前冲刺攻击,0,0,0.551,0.051,1.112,1.214,1.316,0.276,0.013,0.419,0.445,0.471,0,0,0.901,6.28,0,0,0,2,3,0,1,0,30,3,0
1241,朱鸢,冲刺攻击,1241_RA_B,后冲刺攻击,0,0,0.551,0.051,1.112,1.214,1.316,0.276,0.013,0.419,0.445,0.471,0,0,1.2,8.37,0,0,0,2,3,0,1,0,53,4,0
1241,朱鸢,冲刺攻击,1241_RA_S,侧冲刺攻击,0,0,0.551,0.051,1.112,1.214,1.316,0.276,0.013,0.419,0.445,0.471,0,0,0.901,6.28,0,0,0,2,3,0,1,0,31,3,0
1241,朱鸢,冲刺攻击,1241_SRA_F,前特殊冲刺攻击,0,0,0.537,0.049,1.076,1.174,1.272,0.596,0.028,0.904,0.96,1.016,0,0,1.17,0.82,0,0,0,2,3,0,0,0,50,3,0
1241,朱鸢,冲刺攻击,1241_SRA_F_ET,前特殊冲刺攻击（以太）,0,0,1.359,0.124,2.723,2.971,3.219,0.596,0.028,0.904,0.96,1.016,0,0,3.97,2.76,0,0,5453,2,3,4,1,0,0,1,0
1241,朱鸢,冲刺攻击,1241_SRA_B,后特殊冲刺攻击,0,0,0.537,0.049,1.076,1.174,1.272,0.596,0.028,0.904,0.96,1.016,0,0,1.17,0.82,0,0,0,2,3,0,0,0,49,3,0
1241,朱鸢,冲刺攻击,1241_SRA_B_ET,后特殊冲刺攻击（以太）,0,0,1.359,0.124,2.723,2.971,3.219,0.596,0.028,0.904,0.96,1.016,0,0,3.97,2.76,0,0,5453,2,3,4,1,0,0,1,0
1241,朱鸢,冲刺攻击,1241_SRA_S,侧特殊冲刺攻击,0,0,0.537,0.049,1.076,1.174,1.272,0.596,0.028,0.904,0.96,1.016,0,0,1.17,0.82,0,0,0,2,3,0,0,0,27,3,0
1241,朱鸢,冲刺攻击,1241_SRA_S_ET,侧特殊冲刺攻击（以太）,0,0,1.359,0.124,2.723,2.971,3.219,0.596,0.028,0.904,0.96,1.016,0,0,3.97,2.76,0,0,5453,2,3,4,1,0,27,3,0
1241,朱鸢,终结技,1241_Q,终结技,0,0,19.776,1.798,39.554,43.15,46.746,1.248,0.063,1.941,2.067,2.193,0,0,0,0,0,0,10333,3,6,4,1,0,0,1,0
1241,朱鸢,受击支援,1241_BH_Aid,受击支援,0,0,0.514,0.047,1.031,1.125,1.219,0.514,0.024,0.778,0.826,0.874,0,0,1.68,11.7,0,0,4670,5,7,4,1,0,0,1,0
1241,朱鸢,突击支援,1241_Assault_Aid,突击支援,0,0,3.558,0.324,7.122,7.77,8.418,3.086,0.141,4.637,4.919,5.201,0,0,0,91.6,0,0,30197,5,9,4,1,0,0,1,0
1241,朱鸢,闪避反击,1241_CA,闪避反击,0,0,1.768,0.161,3.539,3.861,4.183,1.614,0.074,2.428,2.576,2.724,0,0,1.68,11.7,0,0,0,2,4,0,1,0,0,1,0
1241,朱鸢,普攻,1241_NA_Switch,普攻状态切换,0,0,0,0,0,0,0,0,0,0,0,0,0,0,3.97,27.6,0,0,0,0,0,0,1,0,0,1,0
1011,安比,普攻,1011_NA_1,第1段普攻,0,0,0.312,0.029,0.631,0.689,0.747,0.156,0.008,0.244,0.26,0.276,0,0,0.56,3.9,0,0,0,0,0,0,0,0,22,1,0
1011,安比,普攻,1011_NA_2,第2段普攻,0,0,0.337,0.031,0.678,0.74,0.802,0.287,0.014,0.441,0.469,0.497,0,0,1.03,7.18,0,0,0,0,0,0,0,0,21,1,0
1011,安比,普攻,1011_NA_3,第3段普攻,0,0,1.136,0.104,2.28,2.488,2.696,0.896,0.041,1.347,1.429,1.511,0,0,3.23,22.4,0,0,0,0,0,0,0,0,54,3,0
1011,安比,普攻,1011_NA_4,第4段普攻,0,0,2.391,0.218,4.789,5.225,5.661,1.874,0.086,2.82,2.992,3.164,0,0,6.75,46.85,0,0,17247,0,0,2,1,0,94,5,0
1011,安比,普攻,1011_SNA_4,第4段特殊普攻,0,0,3.286,0.299,6.575,7.173,7.771,1.424,0.065,2.139,2.269,2.399,0,0,5.13,35.6,0,0,12750,0,0,2,1,0,70,5,0
1011,安比,特殊技,1011_E,特殊技,0,0,0.934,0.085,1.869,2.039,2.209,0.934,0.043,1.407,1.493,1.579,0,0,0,23.35,0,0,9330,1,1,2,1,0,62,3,0
1011,安比,强化特殊技,1011_E_EX,强化特殊技,0,0,5.83,0.53,11.66,12.72,13.78,4.818,0.219,7.227,7.665,8.103,60,60,0,171.05,0,0,53237,1,2,2,1,0,105,6,0
1011,安比,强化特殊技,1011_E_EX_A,强化E形态A,0,这一项是安比衔接在普攻后的快速释放的强化E,5.83,0.53,11.66,12.72,13.78,4.818,0.219,7.227,7.665,8.103,60,60,0,171.05,0,0,53237,1,2,2,1,0,88,6,0
1011,安比,特殊技,1011_E_A,特殊技形态A,0,这一项是安比衔接在普攻后的快速释放的普通E,0.934,0.085,1.869,2.039,2.209,0.934,0.043,1.407,1.493,1.579,0,0,0,23.35,0,0,9330,1,1,2,1,0,48,3,0
1011,安比,连携技,1011_QTE,连携技,0,0,5.424,0.494,10.858,11.846,12.834,1.434,0.066,2.16,2.292,2.424,0,0,0,152.23,0,0,34283,3,5,2,1,0,97,4,0
1011,安比,冲刺攻击,1011_RA,冲刺攻击,0,0,0.567,0.052,1.139,1.243,1.347,0.284,0.013,0.427,0.453,0.479,0,0,1.02,7.1,0,0,0,2,3,0,0,0,35,2,0
1011,安比,闪避反击,1011_CA,闪避反击,0,0,1.802,0.164,3.606,3.934,4.262,1.617,0.074,2.431,2.579,2.727,0,0,9.72,15.43,0,0,6163,2,4,2,1,0,40,3,0
1011,安比,终结技,1011_Q,终结技,0,0,15.126,1.376,30.262,33.014,35.766,9.916,0.451,14.877,15.779,16.681,0,0,0,0,0,0,21003,3,6,2,1,0,0,1,0
1011,安比,受击支援,1011_BH_Aid,受击支援,0,0,0.617,0.057,1.244,1.358,1.472,0.617,0.029,0.936,0.994,1.052,0,0,2.22,15.43,0,0,6163,5,7,2,1,0,0,1,0
1011,安比,招架/回避支援,1011_LightD_Aid,轻招架,0,0,0,0,0,0,0,2.467,0.113,3.71,3.936,4.162,0,0,0,16.68,0,0,0,5,8,0,1,0,0,1,0
1011,安比,招架/回避支援,1011_HeavyD_Aid,重招架,0,0,0,0,0,0,0,3.117,0.142,4.679,4.963,5.247,0,0,0,29.18,0,0,0,5,8,0,1,0,0,1,0
1011,安比,招架/回避支援,1011_ChainD_Aid,连续招架,0,0,0,0,0,0,0,1.517,0.069,2.276,2.414,2.552,0,0,0,29.18,0,0,0,5,8,0,1,0,0,1,0
1011,安比,突击支援,1011_Assault_Aid,突击支援,0,0,3.352,0.305,6.707,7.317,7.927,2.914,0.133,4.377,4.643,4.909,0,0,0,94.73,0,0,31322,5,9,2,1,0,0,1,0
1141,莱卡恩,普攻,1141_NA_1,第1段普攻,0,0,0.292,0.027,0.589,0.643,0.697,0.146,0.007,0.223,0.237,0.251,0,0,0.5,3.48,0,0,0,0,0,0,0,0,27,1,0
1141,莱卡恩,普攻,1141_SNA_1,第1段特殊普攻,0,0,0.371,0.034,0.745,0.813,0.881,0.121,0.006,0.187,0.199,0.211,0,0,0.41,2.88,0,0,1148,0,0,3,0,0,29,1,0
1141,莱卡恩,普攻,1141_NA_2,第2段普攻,0,0,0.349,0.032,0.701,0.765,0.829,0.303,0.014,0.457,0.485,0.513,0,0,1.04,7.23,0,0,0,0,0,0,0,0,21,1,0
1141,莱卡恩,普攻,1141_SNA_2,第2段特殊普攻,0,0,0.564,0.052,1.136,1.24,1.344,0.329,0.015,0.494,0.524,0.554,0,0,1.13,7.83,0,0,3128,0,0,3,0,0,17,1,0
1141,莱卡恩,普攻,1141_NA_3,第3段普攻,0,0,0.584,0.054,1.178,1.286,1.394,0.456,0.021,0.687,0.729,0.771,0,0,1.56,10.88,0,0,0,0,0,0,0,0,31,1,0
1141,莱卡恩,普攻,1141_SNA_3,第3段特殊普攻,0,0,0.995,0.091,1.996,2.178,2.36,0.537,0.025,0.812,0.862,0.912,0,0,1.84,12.8,0,0,5113,0,0,3,0,0,33,2,0
1141,莱卡恩,普攻,1141_NA_4,第4段普攻,0,0,1.52,0.139,3.049,3.327,3.605,1.12,0.051,1.681,1.783,1.885,0,0,3.84,26.65,0,0,0,0,0,0,0,0,67,3,0
1141,莱卡恩,普攻,1141_SNA_4,第4段特殊普攻,0,0,2.109,0.192,4.221,4.605,4.989,1.071,0.049,1.61,1.708,1.806,0,0,3.67,25.5,0,0,10198,0,0,3,0,0,68,3,0
1141,莱卡恩,普攻,1141_NA_5,第5段普攻,0,0,1.807,0.165,3.622,3.952,4.282,1.477,0.068,2.225,2.361,2.497,0,0,5.06,35.15,0,0,0,0,0,0,0,0,68,3,0
1141,莱卡恩,普攻,1141_SNA_5_NFC,第5段特殊普攻（不满）,0,0,2.776,0.253,5.559,6.065,6.571,1.631,0.075,2.456,2.606,2.756,0,0,5.59,38.83,0,0,15524,0,0,3,0,0,77,4,0
1141,莱卡恩,普攻,1141_SNA_5_FC,第5段特殊普攻（满）,0,0,3.557,0.324,7.121,7.769,8.417,2.056,0.094,3.09,3.278,3.466,0,0,7.05,48.95,0,0,19575,0,0,3,0,0,109,7,0
1141,莱卡恩,特殊技,1141_E,特殊技,0,0,0.771,0.071,1.552,1.694,1.836,0.771,0.036,1.167,1.239,1.311,0,0,0,18.35,0,0,4749,1,1,3,0,0,63,3,0
1141,莱卡恩,特殊技,1141_E_A,特殊技形态A,0,0,1.331,0.122,2.673,2.917,3.161,1.331,0.062,2.013,2.137,2.261,0,0,0,31.7,0,0,7416,1,1,3,0,0,87,4,0
1141,莱卡恩,强化特殊技,1141_E_EX,强化特殊技,0,0,5.343,0.487,10.7,11.674,12.648,4.504,0.206,6.77,7.182,7.594,60,40,0,133.85,0,0,42618,1,2,3,0,0,103,5,0
1141,莱卡恩,强化特殊技,1141_E_EX_A,强化E形态A,0,0,7.895,0.719,15.804,17.242,18.68,6.644,0.303,9.977,10.583,11.189,20,20,0,197.98,0,0,62924,1,2,3,0,0,163,8,0
1141,莱卡恩,冲刺攻击,1141_RA,冲刺攻击,0,0,0.473,0.043,0.946,1.032,1.118,0.237,0.011,0.358,0.38,0.402,0,0,0.81,5.65,0,0,0,2,3,0,0,0,27,3,0
1141,莱卡恩,闪避反击,1141_CA,闪避反击,0,公测中遭到了削弱,1.87,0.17,3.74,4.08,4.42,1.681,0.077,2.528,2.682,2.836,0,0,2.46,17.1,0,0,6836,2,4,3,0,0,0,0,0
1141,莱卡恩,连携技,1141_QTE,连携技,0,0,6.378,0.58,12.758,13.918,15.078,2.188,0.1,3.288,3.488,3.688,0,0,0,168.48,0,0,40786,3,5,3,0,0,127,8,0
1141,莱卡恩,终结技,1141_Q,终结技,0,0,16.941,1.541,33.892,36.974,40.056,10.966,0.499,16.455,17.453,18.451,0,0,0,0,0,0,17336,3,6,3,0,0,0,1,0
1141,莱卡恩,受击支援,1141_BH_Aid,受击支援,0,公测中遭到了削弱;公测中，支援技能独立成了一个新的技能，共有12个等级。3、5命不会增加该等级。,0.631,0.058,1.269,1.385,1.501,0.631,0.029,0.95,1.008,1.066,0,0,2.46,17.1,0,0,6836,5,7,3,0,0,0,1,0
1141,莱卡恩,招架/回避支援,1141_LightD_Aid,轻招架,0,公测中，支援技能独立成了一个新的技能，共有12个等级。3、5命不会增加该等级。,0,0,0,0,0,2.38,0.109,3.579,3.797,4.015,0,0,0,16.68,0,0,0,5,8,0,0,0,0,1,0
1141,莱卡恩,招架/回避支援,1141_HeavyD_Aid,重招架,0,公测中，支援技能独立成了一个新的技能，共有12个等级。3、5命不会增加该等级。,0,0,0,0,0,2.905,0.133,4.368,4.634,4.9,0,0,0,29.18,0,0,0,5,8,0,0,0,0,1,0
1141,莱卡恩,招架/回避支援,1141_ChainD_Aid,连续招架,0,公测中，支援技能独立成了一个新的技能，共有12个等级。3、5命不会增加该等级。,0,0,0,0,0,1.225,0.056,1.841,1.953,2.065,0,0,0,29.18,0,0,0,5,8,0,0,0,0,1,0
1141,莱卡恩,突击支援,1141_Assault_Aid,突击支援,0,公测中，支援技能独立成了一个新的技能，共有12个等级。3、5命不会增加该等级。,2.883,0.263,5.776,6.302,6.828,2.468,0.113,3.711,3.937,4.163,0,0,0,78.5,0,0,25476,5,9,3,0,0,0,1,0
1101,珂蕾妲,普攻,1101_NA_1,第1段普攻,0,0,0.636,0.058,1.274,1.39,1.506,0.318,0.015,0.483,0.513,0.543,0,0,1.09,7.58,0,0,0,0,0,0,0,0,41,2,0
1101,珂蕾妲,普攻,1101_NA_2,第2段普攻,0,0,0.792,0.072,1.584,1.728,1.872,0.655,0.03,0.985,1.045,1.105,0,0,2.25,15.6,0,0,0,0,0,0,0,0,37,2,0
1101,珂蕾妲,普攻,1101_NA_3,第3段普攻,0,0,1.261,0.115,2.526,2.756,2.986,1.043,0.048,1.571,1.667,1.763,0,0,3.57,24.83,0,0,0,0,0,0,0,0,57,3,0
1101,珂蕾妲,普攻,1101_NA_4,第4段普攻,0,0,3.174,0.289,6.353,6.931,7.509,2.493,0.114,3.747,3.975,4.203,0,0,8.55,59.38,0,0,0,0,0,0,0,0,108,5,0
1101,珂蕾妲,普攻,1101_SNA_1,第1段特殊普攻,0,单人熔炉升温，强化普攻1,1.608,0.147,3.225,3.519,3.813,0.614,0.028,0.922,0.978,1.034,0,0,2.11,14.63,0,0,4435,0,0,1,1,0,30,1,0
1101,珂蕾妲,普攻,1101_SNA_2,第2段特殊普攻,0,单人熔炉升温，强化普攻2,4.049,0.369,8.108,8.846,9.584,1.566,0.072,2.358,2.502,2.646,0,0,5.97,41.48,0,0,14908,0,0,1,1,0,80,3,0
1101,珂蕾妲,普攻,1101_SNA_1_A,第1段特殊普攻（形态A）,0,协同后强化普攻1,1.608,0.147,3.225,3.519,3.813,0.614,0.028,0.922,0.978,1.034,0,0,2.11,14.63,0,0,4435,0,0,1,1,0,30,1,0
1101,珂蕾妲,普攻,1101_SNA_2_A,第2段特殊普攻（形态A）,0,协同后强化普攻2,5.013,0.456,10.029,10.941,11.853,2.346,0.107,3.523,3.737,3.951,0,0,7.31,50.78,0,0,18629,0,0,1,1,0,98,4,0
1101,珂蕾妲,特殊技,1101_E_1,第1段特殊技,0,0,0.519,0.048,1.047,1.143,1.239,0.519,0.024,0.783,0.831,0.879,0,0,0,11.35,0,0,0,1,1,0,1,0,59,3,0
1101,珂蕾妲,特殊技,1101_E_2,第2段特殊技,0,0,0.778,0.071,1.559,1.701,1.843,0.778,0.036,1.174,1.246,1.318,0,0,0,17.03,0,0,5418,1,1,1,1,0,28,1,0
1101,珂蕾妲,特殊技,1101_E_A,特殊技形态A,0,0,0.855,0.078,1.713,1.869,2.025,0.778,0.036,1.174,1.246,1.318,0,0,0,17.03,0,0,5418,1,1,1,1,0,0,0,0
1101,珂蕾妲,强化特殊技,1101_E_EX_1,第1段强化特殊技,0,0,1.523,0.139,3.052,3.33,3.608,1.523,0.07,2.293,2.433,2.573,60,60,0,36.25,0,0,0,1,2,0,1,0,60,3,0
1101,珂蕾妲,强化特殊技,1101_E_EX_2,第2段强化特殊技,0,0,6.06,0.551,12.121,13.223,14.325,4.94,0.225,7.415,7.865,8.315,60,60,0,155.4,0,0,47612,1,2,1,1,0,40,1,0
1101,珂蕾妲,强化特殊技,1101_E_EX_A,强化E形态A,0,0,6.666,0.606,13.332,14.544,15.756,4.94,0.225,7.415,7.865,8.315,60,60,20,155.4,0,0,47612,1,2,1,1,0,60,0,0
1101,珂蕾妲,冲刺攻击,1101_RA,冲刺攻击,0,0,0.561,0.051,1.122,1.224,1.326,0.281,0.013,0.424,0.45,0.476,0,0,0.96,6.68,0,0,0,2,3,0,1,0,32,1,0
1101,珂蕾妲,闪避反击,1101_CA,闪避反击,0,0,3.622,0.33,7.252,7.912,8.572,3.028,0.138,4.546,4.822,5.098,0,0,6.78,47.1,0,0,0,2,4,0,1,0,83,4,0
1101,珂蕾妲,连携技,1101_QTE,连携技,0,0,6.36,0.579,12.729,13.887,15.045,2.17,0.099,3.259,3.457,3.655,0,0,0,168.1,0,0,40613,3,5,1,1,0,119,2,0
1101,珂蕾妲,终结技,1101_Q,终结技,0,单人大招,15.488,1.408,30.976,33.792,36.608,10.049,0.457,15.076,15.99,16.904,0,0,0,0,0,0,18003,3,6,1,1,0,0,1,0
1101,珂蕾妲,终结技,1101_Q_A,终结技（形态A）,0,协同状态下的大招,16.94,1.54,33.88,36.96,40.04,10.965,0.499,16.454,17.452,18.45,0,0,0,0,0,0,17333,3,6,1,1,0,0,1,0
1101,珂蕾妲,受击支援,1101_BH_Aid,受击支援,0,0,1.978,0.18,3.958,4.318,4.678,1.978,0.09,2.968,3.148,3.328,0,0,6.78,47.1,0,0,0,5,7,0,1,0,0,1,0
1101,珂蕾妲,招架/回避支援,1101_LightD_Aid,轻招架,0,0,0,0,0,0,0,2.38,0.109,3.579,3.797,4.015,0,0,0,16.68,0,0,0,5,8,0,1,0,0,1,0
1101,珂蕾妲,招架/回避支援,1101_HeavyD_Aid,重招架,0,0,0,0,0,0,0,2.905,0.133,4.368,4.634,4.9,0,0,0,29.18,0,0,0,5,8,0,1,0,0,1,0
1101,珂蕾妲,招架/回避支援,1101_ChainD_Aid,连续招架,0,0,0,0,0,0,0,1.225,0.056,1.841,1.953,2.065,0,0,0,29.18,0,0,0,5,8,0,1,0,0,1,0
1101,珂蕾妲,突击支援,1101_Assault_Aid,突击支援,0,0,3.592,0.327,7.189,7.843,8.497,3.127,0.143,4.7,4.986,5.272,0,0,0,96.6,0,0,31992,5,9,1,1,0,0,1,0
1191,艾莲,普攻,1191_NA_1,第1段普攻,0,0,0.488,0.045,0.983,1.073,1.163,0.244,0.012,0.376,0.4,0.424,0,0,0.8,5.55,0,0,0,0,0,0,0,0,30,2,0
1191,艾莲,普攻,1191_NA_2,第2段普攻,0,0,1.111,0.101,2.222,2.424,2.626,0.868,0.04,1.308,1.388,1.468,0,0,2.84,19.73,0,0,0,0,0,0,0,0,46,2,0
1191,艾莲,普攻,1191_NA_3_FC,第3段普攻（满）,0,0,2.506,0.228,5.014,5.47,5.926,2.045,0.093,3.068,3.254,3.44,0,0,6.69,46.48,0,0,0,0,0,0,0,0,104,10,0
1191,艾莲,普攻,1191_SNA_1,第1段特殊普攻,0,0,0.996,0.091,1.997,2.179,2.361,0.488,0.023,0.741,0.787,0.833,0,0,1.6,11.1,0,0,4435,0,0,3,1,0,30,2,0
1191,艾莲,普攻,1191_SNA_2,第2段特殊普攻,0,0,1.84,0.168,3.688,4.024,4.36,0.902,0.041,1.353,1.435,1.517,0,0,2.95,20.5,0,0,8199,0,0,3,1,0,46,2,0
1191,艾莲,普攻,1191_SNA_3_FC,第3段特殊普攻（满）,0,0,4.619,0.42,9.239,10.079,10.919,2.269,0.104,3.413,3.621,3.829,0,0,5.94,51.58,0,0,20622,0,0,3,1,0,113,14,0
1191,艾莲,普攻,1191_RA_1,冲刺攻击第1段,0,这一段无法单独打出，所以未不进行单独的测帧。,0.623,0.057,1.25,1.364,1.478,0.623,0.029,0.942,1,1.058,0,0,2.04,14.15,0,0,5659,0,0,3,1,0,0,1,0
1191,艾莲,普攻,1191_RA_NFC,冲刺攻击（不满）,0,实际的倍率数据为：回旋斩击+快速剪击，在公测中，快速剪击数据被砍,1.605,0.147,3.222,3.516,3.81,1.605,0.074,2.419,2.567,2.715,0,0,5.44,37.75,0,0,15094,0,0,3,1,0,64,4,0
1191,艾莲,普攻,1191_RA_FC,冲刺攻击（满）,0,实际的倍率数据为：回旋斩击+蓄力剪击，,1.84,0.168,3.688,4.024,4.36,1.84,0.085,2.775,2.945,3.115,0,0,6.02,41.8,0,0,16715,0,0,3,1,0,121,6,0
1191,艾莲,特殊技,1191_E,特殊技,0,0,0.518,0.048,1.046,1.142,1.238,0.518,0.024,0.782,0.83,0.878,0,0,0,11.78,0,0,4705,1,1,3,1,0,66,3,0
1191,艾莲,强化特殊技,1191_E_EX,强化特殊技,0,0,3.772,0.343,7.545,8.231,8.917,4.051,0.185,6.086,6.456,6.826,40,40,0,127.6,0,0,40373,1,2,3,1,0,88,8,0
1191,艾莲,强化特殊技,1191_E_EX_A,强化E形态A,0,0,5.533,0.503,11.066,12.072,13.078,3.717,0.169,5.576,5.914,6.252,40,40,0,118.83,0,0,37219,1,2,3,1,0,80,9,0
1191,艾莲,冲刺攻击,1191_RA,冲刺攻击,0,普通冲刺攻击,0.77,0.07,1.54,1.68,1.82,0.385,0.018,0.583,0.619,0.655,0,0,1.26,8.75,0,0,0,2,3,0,0,0,44,2,0
1191,艾莲,冲刺攻击,1191_RA_A,冲刺攻击形态A,0,冲刺攻击冰附魔,1.457,0.133,2.92,3.186,3.452,0.788,0.036,1.184,1.256,1.328,0,0,2.58,17.93,0,0,7163,2,3,3,1,0,44,2,0
1191,艾莲,闪避反击,1191_CA,闪避反击,0,0,2.626,0.239,5.255,5.733,6.211,2.274,0.104,3.418,3.626,3.834,0,0,3.84,26.7,0,0,0,2,4,0,1,0,64,4,0
1191,艾莲,连携技,1191_QTE,连携技,0,0,7.946,0.723,15.899,17.345,18.791,3.557,0.162,5.339,5.663,5.987,0,0,0,197.23,0,0,52283,3,5,3,1,0,211,13,0
1191,艾莲,终结技,1191_Q,终结技,0,0,18.908,1.719,37.817,41.255,44.693,1.852,0.085,2.787,2.957,3.127,0,0,0,0,0,0,16833,3,6,3,1,0,0,1,0
1191,艾莲,受击支援,1191_BH_Aid,受击支援,0,公测中，支援技能独立成了一个新的技能，共有12个等级。3、5命不会增加该等级。,1.211,0.111,2.432,2.654,2.876,1.211,0.122,2.553,2.797,3.041,0,0,3.96,27.53,0,0,11003,5,7,3,1,0,0,1,0
1191,艾莲,招架/回避支援,1191_LightD_Aid,轻招架,0,公测中，支援技能独立成了一个新的技能，共有12个等级。3、5命不会增加该等级。,0,0,0,0,0,2.493,0.114,3.747,3.975,4.203,0,0,0,16.68,0,0,0,5,8,0,1,0,0,1,0
1191,艾莲,招架/回避支援,1191_HeavyD_Aid,重招架,0,公测中，支援技能独立成了一个新的技能，共有12个等级。3、5命不会增加该等级。,0,0,0,0,0,3.043,0.139,4.572,4.85,5.128,0,0,0,29.18,0,0,0,5,8,0,1,0,0,1,0
1191,艾莲,招架/回避支援,1191_ChainD_Aid,连续招架,0,公测中，支援技能独立成了一个新的技能，共有12个等级。3、5命不会增加该等级。,0,0,0,0,0,1.283,0.059,1.932,2.05,2.168,0,0,0,29.18,0,0,0,5,8,0,1,0,0,1,0
1191,艾莲,突击支援,1191_Assault_Aid,突击支援,0,公测中，支援技能独立成了一个新的技能，共有12个等级。3、5命不会增加该等级。,3.994,0.364,7.998,8.726,9.454,3.491,0.159,5.24,5.558,5.876,0,0,0,102.23,0,0,34017,5,9,3,1,0,0,1,0
1041,11号,普攻,1041_NA_1,第1段普攻,0,0,0.344,0.032,0.696,0.76,0.824,0.18,0.009,0.279,0.297,0.315,0,0,0.57,4,0,0,0,0,0,0,0,0,22,1,0
1041,11号,普攻,1041_SNA_1,第1段特殊普攻,0,0,0.551,0.051,1.112,1.214,1.316,0.18,0.009,0.279,0.297,0.315,0,0,0.57,3.98,0,0,1587,0,0,1,1,0,22,2,0
1041,11号,普攻,1041_NA_2,第2段普攻,0,0,0.412,0.038,0.83,0.906,0.982,0.344,0.016,0.52,0.552,0.584,0,0,1.14,7.9,0,0,0,0,0,0,0,0,22,1,0
1041,11号,普攻,1041_SNA_2,第2段特殊普攻,0,0,0.572,0.052,1.144,1.248,1.352,0.336,0.016,0.512,0.544,0.576,0,0,1.02,7.13,0,0,2840,0,0,1,1,0,22,4,0
1041,11号,普攻,1041_NA_3,第3段普攻,0,0,1.028,0.094,2.062,2.25,2.438,0.823,0.038,1.241,1.317,1.393,0,0,2.78,19.3,0,0,0,0,0,0,0,0,48,2,0
1041,11号,普攻,1041_SNA_3,第3段特殊普攻,0,0,1.32,0.12,2.64,2.88,3.12,0.752,0.035,1.137,1.207,1.277,0,0,2.39,16.63,0,0,6642,0,0,1,1,0,42,3,0
1041,11号,普攻,1041_NA_4,第4段普攻,0,0,2.134,0.194,4.268,4.656,5.044,1.676,0.077,2.523,2.677,2.831,0,0,5.5,38.2,0,0,0,0,0,0,0,0,77,5,0
1041,11号,普攻,1041_SNA_4,第4段特殊普攻,0,0,3.407,0.31,6.817,7.437,8.057,1.92,0.087,2.877,3.051,3.225,0,0,6.24,43.33,0,0,17320,0,0,1,1,0,87,10,0
1041,11号,特殊技,1041_E,特殊技,0,0,0.526,0.048,1.054,1.15,1.246,0.526,0.024,0.79,0.838,0.886,0,0,0,12.3,0,0,4916,1,1,1,1,0,72,4,0
1041,11号,强化特殊技,1041_E_EX,强化特殊技,0,0,6.75,0.614,13.504,14.732,15.96,5.435,0.248,8.163,8.659,9.155,80,80,0,192.05,0,0,58018,1,2,1,1,0,102,6,0
1041,11号,冲刺攻击,1041_RA,冲刺攻击,0,0,0.683,0.063,1.376,1.502,1.628,0.342,0.016,0.518,0.55,0.582,0,0,1.13,7.83,0,0,0,2,3,0,0,0,37,2,0
1041,11号,冲刺攻击,1041_SRA,特殊冲刺攻击,0,0,0.788,0.072,1.58,1.724,1.868,0.788,0.036,1.184,1.256,1.328,0,0,2.49,17.3,0,0,6916,2,3,1,1,0,37,4,0
1041,11号,闪避反击,1041_CA,闪避反击,0,0,2.62,0.239,5.249,5.727,6.205,2.258,0.103,3.391,3.597,3.803,0,0,4.08,28.35,0,0,11330,2,4,1,1,0,68,6,0
1041,11号,连携技,1041_QTE,连携技,0,0,6.325,0.575,12.65,13.8,14.95,2.136,0.098,3.214,3.41,3.606,0,0,0,166.8,0,0,40116,3,5,1,1,0,131,8,0
1041,11号,终结技,1041_Q,终结技,0,0,21.03,1.912,42.062,45.886,49.71,2.85,0.13,4.28,4.54,4.8,0,0,0,0,0,0,24670,3,6,1,1,0,0,1,0
1041,11号,受击支援,1041_BH_Aid,受击支援,0,0,1.208,0.11,2.418,2.638,2.858,1.208,0.055,1.813,1.923,2.033,0,0,4.08,28.35,0,0,11330,5,7,1,1,0,0,1,0
1041,11号,招架/回避支援,1041_LightD_Aid,轻招架,0,0,0,0,0,0,0,2.59,0.118,3.888,4.124,4.36,0,0,0,16.68,0,0,0,5,8,0,1,0,0,1,0
1041,11号,招架/回避支援,1041_HeavyD_Aid,重招架,0,0,0,0,0,0,0,3.273,0.149,4.912,5.21,5.508,0,0,0,29.18,0,0,0,5,8,0,1,0,0,1,0
1041,11号,招架/回避支援,1041_ChainD_Aid,连续招架,0,0,0,0,0,0,0,1.593,0.073,2.396,2.542,2.688,0,0,0,29.18,0,0,0,5,8,0,1,0,0,1,0
1041,11号,突击支援,1041_Assault_Aid,突击支援,0,0,3.837,0.349,7.676,8.374,9.072,3.355,0.153,5.038,5.344,5.65,0,0,0,102.85,0,0,34242,5,9,1,1,0,0,1,0
1131,苍角,普攻,1131_NA_1,第1段普攻,0,0,0.662,0.061,1.333,1.455,1.577,0.331,0.016,0.507,0.539,0.571,0,0,1.17,8.13,0,0,0,0,0,0,0,0,46,1,0
1131,苍角,普攻,1131_NA_2,第2段普攻,0,0,2.163,0.197,4.33,4.724,5.118,1.88,0.086,2.826,2.998,3.17,0,0,6.69,39.95,0,0,0,0,0,0,0,0,88,2,0
1131,苍角,普攻,1131_NA_3,第3段普攻,0,0,2.931,0.267,5.868,6.402,6.936,2.217,0.101,3.328,3.53,3.732,0,0,8.34,51.88,0,0,0,0,0,0,0,0,120,3,0
1131,苍角,普攻,1131_SNA_1,第1段特殊普攻,0,0,0.766,0.07,1.536,1.676,1.816,0.466,0.022,0.708,0.752,0.796,0,0,1.7,11.83,0,0,4722,0,0,3,1,0,32,1,0
1131,苍角,普攻,1131_SNA_2,第2段特殊普攻,0,0,2.285,0.208,4.573,4.989,5.405,1.275,0.058,1.913,2.029,2.145,0,0,4.52,31.38,0,0,12549,0,0,3,1,0,68,3,0
1131,苍角,普攻,1131_SNA_3,第3段特殊普攻,0,0,5.114,0.465,10.229,11.159,12.089,2.633,0.12,3.953,4.193,4.433,0,0,9.48,65.83,0,0,26321,0,0,3,1,0,138,5,0
1131,苍角,特殊技,1131_E_1,第1段特殊技,0,0,0.284,0.026,0.57,0.622,0.674,0.284,0.013,0.427,0.453,0.479,0,0,0,7.1,0,0,2834,1,1,3,1,0,76,3,0
1131,苍角,特殊技,1131_E_2,第2段特殊技,0,0,1.001,0.091,2.002,2.184,2.366,1.001,0.046,1.507,1.599,1.691,0,0,0,25.03,0,0,5001,1,1,3,1,0,58,2,0
1131,苍角,强化特殊技,1131_E_A,特殊技形态A,0,0,2.501,0.228,5.009,5.465,5.921,2.751,0.126,4.137,4.389,4.641,0,0,0,61.88,0,0,12374,1,2,3,1,0,160,8,0
1131,苍角,强化特殊技,1131_E_B,特殊技形态B,0,0,1.401,0.128,2.809,3.065,3.321,1.401,0.064,2.105,2.233,2.361,0,0,0,31.05,0,0,7006,1,2,3,1,0,0,0,0
1131,苍角,强化特殊技,1131_E_C,特殊技形态C,0,0,2.45,0.223,4.903,5.349,5.795,2.45,0.112,3.682,3.906,4.13,0,0,0,61.25,0,0,12250,1,2,3,1,0,148,11,0
1131,苍角,强化特殊技,1131_E_EX_1,第1段强化特殊技,0,连续“扇巴掌”的第一段，要先激活旗子，所以会长一些,1.312,0.119,2.621,2.859,3.097,1.129,0.051,1.69,1.792,1.894,60,30,0,24.85,0,0,7969,1,2,3,1,0,80,4,0
1131,苍角,强化特殊技,1131_E_EX_2,第2段强化特殊技,0,0,1.312,0.119,2.621,2.859,3.097,1.129,0.051,1.69,1.792,1.894,30,30,0,24.85,0,0,7969,1,2,3,1,0,64,4,0
1131,苍角,强化特殊技,1131_E_EX_3,第3段强化特殊技,0,第三段竖劈，位于强化特殊技连续“扇巴掌”结束后自动衔接，倍率为特殊技第2段，该段并未标注在强化特殊技文本中,1.001,0.091,2.002,2.184,2.366,1.001,0.046,1.507,1.599,1.691,30,30,0,25.03,0,0,5001,1,2,3,1,0,56,2,0
1131,苍角,强化特殊技,1131_E_EX_A,强化E形态A,0,0,1.021,0.093,2.044,2.23,2.416,0.879,0.04,1.319,1.399,1.479,0,0,0,42.6,0,0,13661,1,2,3,1,0,0,1,0
1131,苍角,冲刺攻击,1131_RA,冲刺攻击,0,0,0.767,0.07,1.537,1.677,1.817,0.384,0.018,0.582,0.618,0.654,0,0,1.41,9.8,0,0,0,2,3,0,0,0,46,2,0
1131,苍角,冲刺攻击,1131_SRA,特殊冲刺攻击,0,0,1.315,0.12,2.635,2.875,3.115,0.784,0.801,9.595,11.197,12.799,0,0,2.82,19.6,0,0,7833,2,3,3,1,0,60,2,0
1131,苍角,闪避反击,1131_CA,闪避反击,0,0,2.473,0.225,4.948,5.398,5.848,2.134,0.097,3.201,3.395,3.589,0,0,4.3,29.85,0,0,11930,2,4,3,1,0,48,2,0
1131,苍角,连携技,1131_QTE,连携技,0,0,7.458,0.677,14.905,16.259,17.613,3.468,0.158,5.206,5.522,5.838,0,0,0,204.33,0,0,55120,3,5,3,1,0,256,18,0
1131,苍角,终结技,1131_Q,终结技,0,0,19.898,1.809,39.797,43.415,47.033,3.768,0.172,5.66,6.004,6.348,0,0,0,0,0,0,38170,3,6,3,1,0,0,1,0
1131,苍角,受击支援,1131_BH_Aid,受击支援,0,0,1.134,0.104,2.278,2.486,2.694,1.134,0.052,1.706,1.81,1.914,0,0,4.3,29.85,0,0,11930,5,7,3,1,0,0,1,0
1131,苍角,招架/回避支援,1131_LightD_Aid,轻招架,0,0,0,0,0,0,0,2.467,0.113,3.71,3.936,4.162,0,0,0,16.68,0,0,0,5,8,0,1,0,0,1,0
1131,苍角,招架/回避支援,1131_HeavyD_Aid,重招架,0,0,0,0,0,0,0,3.117,0.142,4.679,4.963,5.247,0,0,0,29.18,0,0,0,5,8,0,1,0,0,1,0
1131,苍角,招架/回避支援,1131_ChainD_Aid,连续招架,0,0,0,0,0,0,0,1.517,0.069,2.276,2.414,2.552,0,0,0,29.18,0,0,0,5,8,0,1,0,0,1,0
1131,苍角,突击支援,1131_Assault_Aid,突击支援,0,0,2.64,0.24,5.28,5.76,6.24,2.31,0.106,3.476,3.688,3.9,0,0,0,107.85,0,0,36042,5,9,3,1,0,0,1,0
1061,可琳,普攻,1061_NA_1,第1段普攻,0,0,0.82,0.075,1.645,1.795,1.945,0.41,0.019,0.619,0.657,0.695,0,0,1.43,9.93,0,0,3968,0,0,0,1,0,51,4,0
1061,可琳,普攻,1061_NA_2,第2段普攻,0,0,0.766,0.07,1.536,1.676,1.816,0.702,0.032,1.054,1.118,1.182,0,0,2.44,16.93,0,0,6768,0,0,0,1,0,32,4,0
1061,可琳,普攻,1061_NA_3,第3段普攻,0,按打满计算,1.792,0.163,3.585,3.911,4.237,1.238,0.057,1.865,1.979,2.093,0,0,4.28,29.75,0,0,11898,0,0,0,1,0,75,4,0
1061,可琳,普攻,1061_NA_4,第4段普攻,0,0,2.334,0.213,4.677,5.103,5.529,1.864,0.085,2.799,2.969,3.139,0,0,6.6,45.85,0,0,18332,0,0,0,1,0,90,8,0
1061,可琳,普攻,1061_NA_3_NFC,第3段普攻（不满）,0,数据来自拆包，但是并未调用，疑似第3段普攻没打完,1.169,0.107,2.346,2.56,2.774,0.863,0.04,1.303,1.383,1.463,0,0,0,0,0,0,0,0,0,0,1,0,0,1,0
1061,可琳,普攻,1061_NA_5,第5段普攻,0,按打满计算,4.212,0.383,8.425,9.191,9.957,3.42,0.156,5.136,5.448,5.76,0,0,12.15,84.38,0,0,33745,0,0,0,1,0,103,7,0
1061,可琳,普攻,1061_NA_5_NFC,第5段普攻（不满）,0,数据来自拆包，但是并未调用，疑似第5段普攻没打完,1.246,0.114,2.5,2.728,2.956,0.958,0.044,1.442,1.53,1.618,0,0,3.45,0,0,0,0,0,0,0,1,0,0,1,0
1061,可琳,特殊技,1061_E_1,第1段特殊技,0,0,0.667,0.061,1.338,1.46,1.582,0.667,0.031,1.008,1.07,1.132,0,0,0,16.48,0,0,6583,1,1,0,1,0,0,1,0
1061,可琳,特殊技,1061_E_2,第2段特殊技,0,0,0.375,0.035,0.76,0.83,0.9,0.375,0.018,0.573,0.609,0.645,0,0,0,9.38,0,0,3750,1,1,0,1,0,0,1,0
1061,可琳,特殊技,1061_E_A,特殊技形态A,0,第2段持续斩击蓄力不满，倍率并未明示，只能通过对比技能跳数来反推。蓄满12跳，不蓄满8跳，已知第一段4跳，最后一段1跳，那么中间段跳数比例应该是7:3，等比缩小倍率,0.1607,0.015,0.3257,0.3557,0.3857,0.1607,0.0077,0.2454,0.2608,0.2762,0,0,0,4.02,0,0,1607,1,1,0,1,0,0,1,0
1061,可琳,特殊技,1061_E_3,第3段特殊技,0,0,0.25,0.023,0.503,0.549,0.595,0.25,0.012,0.382,0.406,0.43,0,0,0,6.13,0,0,0,1,1,0,1,0,0,1,0
1061,可琳,特殊技,1061_E_NFC,特殊技（不满）,0,该动作包含了特殊技1段、2段不完整版、爆炸,1.0777,0.099,2.1667,2.3647,2.5627,1.0777,0.0507,1.6354,1.7368,1.8382,0,0,0,26.62,0,0,8190,1,1,0,1,0,0,1,0
1061,可琳,特殊技,1061_E_FC,特殊技（满）,0,该动作包含了特殊技1段、2段完整版、爆炸,1.292,0.119,2.601,2.839,3.077,1.292,0.061,1.963,2.085,2.207,0,0,0,31.98,0,0,10333,1,1,0,1,0,139,12,0
1061,可琳,强化特殊技,1061_E_EX_1,第1段强化特殊技,0,0,3.454,0.314,6.908,7.536,8.164,2.066,0.094,3.1,3.288,3.476,80,20,0,62.65,0,0,20325,1,2,0,1,0,0,1,0
1061,可琳,强化特殊技,1061_E_EX_2,第2段强化特殊技,0,0,10.36,0.942,20.722,22.606,24.49,6.2,0.282,9.302,9.866,10.43,60,40,0,187.9,0,0,60976,1,2,0,1,0,0,1,0
1061,可琳,强化特殊技,1061_E_EX_A,强化E形态A,0,第2段持续斩击蓄力不满，倍率并未明示，只能通过对比技能跳数来反推。蓄满32跳，不蓄满8跳，已知第一段4跳，最后一段1跳，那么中间段跳数比例应该是9:1，等比缩小倍率,1.1511,0.1047,2.3028,2.5122,2.7216,0.6889,0.0313,1.0332,1.0958,1.1584,5,5,0,20.88,0,0,6775,1,2,0,1,0,0,1,0
1061,可琳,强化特殊技,1061_E_EX_3,第3段强化特殊技,0,0,3.454,0.314,6.908,7.536,8.164,2.066,0.094,3.1,3.288,3.476,20,20,0,62.65,0,0,20325,1,2,0,1,0,0,1,0
1061,可琳,强化特殊技,1061_E_EX_NFC,强化特殊技（不满）,0,该动作包含了强化特殊技1段、2段不完整版、爆炸,8.0591,0.7327,16.1188,17.5842,19.0496,4.8209,0.2193,7.2332,7.6718,8.1104,80,45,0,146.18,0,0,47425,1,2,0,1,0,0,1,0
1061,可琳,强化特殊技,1061_E_EX_FC,强化特殊技（满）,0,该动作包含了强化特殊技1段、2段完整版、爆炸,17.268,1.57,34.538,37.678,40.818,10.332,0.47,15.502,16.442,17.382,80,80,0,313.2,0,0,101626,1,2,0,1,0,262,42,0
1061,可琳,冲刺攻击,1061_RA,冲刺攻击,0,可琳的闪避反击是可以长按的，此处只记录了按满的总倍率,0.967,0.088,1.935,2.111,2.287,0.484,0.021,0.715,0.757,0.799,0,0,1.69,11.73,0,0,4689,2,3,0,1,0,86,8,0
1061,可琳,闪避反击,1061_CA,闪避反击,0,可琳的冲刺攻击是可以长按的，此处只记录了按满的总倍率，喧响值实验，打了5次，414点,2.712,0.248,5.44,5.936,6.432,1.318,0.06,1.978,2.098,2.218,0,0,2.88,82.8,0,0,12843,2,4,0,1,0,64,10,0
1061,可琳,连携技,1061_QTE,连携技,0,0,6.873,0.625,13.748,14.998,16.248,2.883,0.132,4.335,4.599,4.863,0,0,0,188.45,0,0,48779,3,5,0,1,0,155,14,0
1061,可琳,终结技,1061_Q,终结技,0,0,20.288,1.845,40.583,44.273,47.963,4.067,0.186,6.113,6.485,6.857,0,0,0,0,0,0,40499,3,6,0,1,0,0,1,0
1061,可琳,普攻,1061_BH_Aid,受击支援,0,0,2.15,0.196,4.306,4.698,5.09,2.15,0.098,3.228,3.424,3.62,0,0,2.88,20.03,0,0,8009,0,0,0,0,0,0,1,0
1061,可琳,普攻,1061_LightD_Aid,轻招架,0,0,0,0,0,0,0,2.267,0.104,3.411,3.619,3.827,0,0,0,16.68,0,0,0,0,0,0,0,0,0,1,0
1061,可琳,普攻,1061_HeavyD_Aid,重招架,0,0,0,0,0,0,0,2.767,0.126,4.153,4.405,4.657,0,0,0,291.75,0,0,0,0,0,0,0,0,0,1,0
1061,可琳,普攻,1061_ChainD_Aid,连续招架,0,0,0,0,0,0,0,1.167,0.054,1.761,1.869,1.977,0,0,0,291.75,0,0,0,0,0,0,0,0,0,1,0
1061,可琳,普攻,1061_Assault_Aid,突击支援,0,0,5.475,0.498,10.953,11.949,12.945,4.886,0.223,7.339,7.785,8.231,0,0,0,151.63,0,0,51801,0,0,0,0,0,0,1,0
1021,猫又,普攻,1021_NA_1,第1段普攻,0,0,0.552,0.051,1.113,1.215,1.317,0.18,0.009,0.279,0.297,0.315,0,0,0.59,4.1,0,0,1633,0,0,0,1,0,23,2,0
1021,猫又,普攻,1021_NA_2,第2段普攻,0,0,0.626,0.057,1.253,1.367,1.481,0.371,0.017,0.558,0.592,0.626,0,0,1.22,8.45,0,0,3379,0,0,0,1,0,25,2,0
1021,猫又,普攻,1021_NA_3,第3段普攻,0,0,0.727,0.067,1.464,1.598,1.732,0.467,0.022,0.709,0.753,0.797,0,0,1.53,10.65,0,0,4258,0,0,0,1,0,29,3,0
1021,猫又,普攻,1021_NA_4,第4段普攻,0,0,1.702,0.155,3.407,3.717,4.027,1.037,0.048,1.565,1.661,1.757,0,0,3.5,24.33,0,0,9727,0,0,0,1,0,55,4,0
1021,猫又,普攻,1021_NA_5,第5段普攻,0,0,1.236,0.113,2.479,2.705,2.931,0.589,0.027,0.886,0.94,0.994,0,0,2.02,14.03,0,0,5602,0,0,0,1,0,28,1,0
1021,猫又,普攻,1021_SNA,特殊普攻,0,0,0.718,0.066,1.444,1.576,1.708,0.589,0.027,0.886,0.94,0.994,0,0,2.02,14.03,0,0,5602,0,0,0,1,0,36,2,0
1021,猫又,特殊技,1021_E,特殊技,0,0,0.473,0.043,0.946,1.032,1.118,0.473,0.022,0.715,0.759,0.803,0,0,0,11.05,0,0,4416,1,1,0,1,0,75,5,0
1021,猫又,强化特殊技,1021_E_EX,强化特殊技,0,0,5.397,0.491,10.798,11.78,12.762,4.554,0.207,6.831,7.245,7.659,40,40,0,134.45,0,0,42844,1,2,0,1,0,116,7,0
1021,猫又,冲刺攻击,1021_RA,冲刺攻击,0,0,0.351,0.032,0.703,0.767,0.831,0.176,0.008,0.264,0.28,0.296,0,0,0.6,14.6,0,0,1668,2,3,0,1,0,20,2,0
1021,猫又,闪避反击,1021_CA,闪避反击,0,0,2.279,0.208,4.567,4.983,5.399,1.995,0.091,2.996,3.178,3.36,0,0,3.18,22.1,0,0,8836,2,4,0,1,0,74,8,0
1021,猫又,连携技,1021_QTE,连携技,0,0,5.362,0.488,10.73,11.706,12.682,1.592,0.073,2.395,2.541,2.687,0,0,0,158.05,0,0,36616,3,5,0,1,0,111,9,0
1021,猫又,终结技,1021_Q,终结技,0,0,15.711,1.429,31.43,34.288,37.146,1.181,0.054,1.775,1.883,1.991,0,0,0,0,0,0,12336,3,6,0,1,0,0,1,0
1021,猫又,受击支援,1021_BH_Aid,受击支援,0,0,0.945,0.086,1.891,2.063,2.235,0.945,0.043,1.418,1.504,1.59,0,0,3.18,22.1,0,0,8836,5,7,0,1,0,0,1,0
1021,猫又,招架/回避支援,1021_LightD_Aid,轻招架,0,0,0,0,0,0,0,2.59,0.118,3.888,4.124,4.36,0,0,0,16.68,0,0,0,5,8,0,1,0,0,1,0
1021,猫又,招架/回避支援,1021_HeavyD_Aid,重招架,0,0,0,0,0,0,0,3.273,0.149,4.912,5.21,5.508,0,0,0,29.18,0,0,0,5,8,0,1,0,0,1,0
1021,猫又,招架/回避支援,1021_ChainD_Aid,连续招架,0,0,0,0,0,0,0,1.593,0.073,2.396,2.542,2.688,0,0,0,29.18,0,0,0,5,8,0,1,0,0,1,0
1021,猫又,突击支援,1021_Assault_Aid,突击支援,0,0,3.004,0.274,6.018,6.566,7.114,2.581,0.118,3.879,4.115,4.351,0,0,0,81.6,0,0,26592,5,9,0,1,0,0,1,0
1121,本,普攻,1121_NA_1,第1段普攻,0,0,0.659,0.06,1.319,1.439,1.559,0.471,0.022,0.713,0.757,0.801,0,0,1.69,11.78,0,0,0,0,0,0,0,0,60,2,0
1121,本,普攻,1121_NA_2,第2段普攻,0,0,1.89,0.172,3.782,4.126,4.47,1.569,0.072,2.361,2.505,2.649,0,0,5.65,39.23,0,0,0,0,0,0,0,0,84,4,0
1121,本,普攻,1121_NA_3,第3段普攻,0,0,3.483,0.317,6.97,7.604,8.238,2.601,0.119,3.91,4.148,4.386,0,0,9.36,65.03,0,0,0,0,0,0,0,0,105,3,0
1121,本,特殊技,1121_E_1,第1段特殊技,0,格挡,0.417,0.038,0.835,0.911,0.987,0.417,0.019,0.626,0.664,0.702,0,0,0,10.43,0,0,0,1,1,0,1,0,25,1,0
1121,本,特殊技,1121_E_2,第2段特殊技,0,反击，也就是“挠一爪子”，在和柯蕾妲的联动中会出现,2.334,0.213,4.677,5.103,5.529,2.234,0.102,3.356,3.56,3.764,0,0,0,20.85,0,0,0,1,1,0,1,0,51,2,0
1121,本,强化特殊技,1121_E_EX_1,第1段强化特殊技,0,强化格挡,4.385,0.399,8.774,9.572,10.37,2.471,0.113,3.714,3.94,4.166,60,30,0,85.7,0,0,27099,1,2,1,1,0,90,3,0
1121,本,强化特殊技,1121_E_EX_2,第2段强化特殊技,0,强化反击,4.385,0.399,8.774,9.572,10.37,2.471,0.113,3.714,3.94,4.166,60,30,0,85.7,0,0,27099,1,2,1,1,0,72,3,0
1121,本,强化特殊技,1121_E_EX_A_1,强化E形态A第1段,0,强化完美格挡,5.005,0.455,10.01,10.92,11.83,3.676,0.168,5.524,5.86,6.196,30,30,0,102.3,0,0,33071,1,2,1,1,0,77,2,0
1121,本,强化特殊技,1121_E_EX_A_2,强化E形态A第2段,0,强化完美反击,5.512,0.502,11.034,12.038,13.042,3.676,0.168,5.524,5.86,6.196,30,30,0,102.3,0,0,33071,1,2,1,1,0,117,6,0
1121,本,冲刺攻击,1121_RA,冲刺攻击,0,0,1.384,0.126,2.77,3.022,3.274,0.692,0.032,1.044,1.108,1.172,0,0,2.49,17.3,0,0,0,2,3,0,0,0,72,5,0
1121,本,闪避反击,1121_CA,闪避反击,0,0,2.257,0.206,4.523,4.935,5.347,1.967,0.09,2.957,3.137,3.317,0,0,3.48,24.18,0,0,9666,2,4,1,1,0,59,2,0
1121,本,连携技,1121_QTE,连携技,0,0,6.273,0.571,12.554,13.696,14.838,3.283,0.15,4.933,5.233,5.533,0,0,0,173.45,0,0,42779,3,5,1,1,0,128,10,0
1121,本,终结技,1121_Q,终结技,0,0,16.43,1.494,32.864,35.852,38.84,1.1,0.05,1.65,1.75,1.85,0,0,0,0,0,0,11000,3,6,1,1,0,0,1,0
1121,本,受击支援,1121_BH_Aid,受击支援,0,0,0.967,0.088,1.935,2.111,2.287,0.967,0.044,1.451,1.539,1.627,0,0,3.48,24.18,0,0,9666,5,7,1,1,0,0,1,0
1121,本,招架/回避支援,1121_LightD_Aid,轻招架,0,0,0,0,0,0,0,2.101,0.096,3.157,3.349,3.541,0,0,0,12.53,0,0,0,5,8,0,1,0,0,1,0
1121,本,招架/回避支援,1121_HeavyD_Aid,重招架,0,0,0,0,0,0,0,2.434,0.111,3.655,3.877,4.099,0,0,0,20.85,0,0,0,5,8,0,1,0,0,1,0
1121,本,招架/回避支援,1121_ChainD_Aid,连续招架,0,0,0,0,0,0,0,0.834,0.038,1.252,1.328,1.404,0,0,0,20.85,0,0,0,5,8,0,1,0,0,1,0
1121,本,突击支援,1121_Assault_Aid,突击支援,0,0,3.259,0.297,6.526,7.12,7.714,2.828,0.129,4.247,4.505,4.763,0,0,0,92.25,0,0,30426,5,9,1,1,0,0,1,0
1211,丽娜,普攻,1211_NA_1,第1段普攻,0,0,0.489,0.045,0.984,1.074,1.164,0.367,0.017,0.554,0.588,0.622,0,0,1.26,8.75,0,0,0,0,0,0,0,0,38,6,0
1211,丽娜,普攻,1211_NA_2,第2段普攻,0,0,1.114,0.102,2.236,2.44,2.644,0.884,0.041,1.335,1.417,1.499,0,0,3.03,15.03,0,0,0,0,0,0,0,0,39,4,0
1211,丽娜,普攻,1211_NA_3,第3段普攻,0,0,1.171,0.107,2.348,2.562,2.776,0.966,0.044,1.45,1.538,1.626,0,0,3.31,35.1,0,0,8363,0,0,2,1,0,47,3,0
1211,丽娜,普攻,1211_NA_4,第4段普攻,0,0,1.839,0.168,3.687,4.023,4.359,1.468,0.067,2.205,2.339,2.473,0,0,5.59,31.08,0,0,10474,0,0,2,1,0,136,24,0
1211,丽娜,普攻,1211_SNA_1,第1段特殊普攻,0,0,3.151,0.287,6.308,6.882,7.456,3.151,0.144,4.735,5.023,5.311,0,0,10.8,75.03,0,0,0,0,0,0,0,0,136,20,0
1211,丽娜,特殊技,1211_E,特殊技,0,0,0.613,0.056,1.229,1.341,1.453,0.613,0.028,0.921,0.977,1.033,0,0,0,14.6,0,0,5835,1,1,2,1,0,90,6,0
1211,丽娜,强化特殊技,1211_E_EX,强化特殊技,0,0,5.46,0.0497,6.0067,6.1061,6.2055,0.4445,0.203,2.6775,3.0835,3.4895,60,60,0,104.18,0,0,47162,1,2,2,1,0,81,15,0
1211,丽娜,连携技,1211_QTE,连携技,0,0,10.13,0.921,20.261,22.103,23.945,1.751,0.08,2.631,2.791,2.951,0,0,0,158.08,0,0,36620,3,5,2,1,0,93,16,0
1211,丽娜,终结技,1211_Q,终结技,0,0,21.167,1.925,42.342,46.192,50.042,1.138,5.2,58.338,68.738,79.138,0,0,0,0,0,0,15837,3,6,2,1,0,0,1,0
1211,丽娜,冲刺攻击,1211_RA,冲刺攻击,0,0,1.05,0.096,2.106,2.298,2.49,0.525,2.4,26.925,31.725,36.525,0,0,1.8,12.5,0,0,0,2,3,0,0,0,65,6,0
1211,丽娜,闪避反击,1211_CA,闪避反击,0,0,2.276,0.207,4.553,4.967,5.381,2.276,0.104,3.42,3.628,3.836,0,0,3.96,27.53,0,0,11000,2,4,2,1,0,72,6,0
1211,丽娜,受击支援,1211_BH_Aid,受击支援,0,0,1.226,0.112,2.458,2.682,2.906,1.226,0.056,1.842,1.954,2.066,0,0,3.96,27.53,0,0,11000,5,7,2,1,0,0,1,0
1211,丽娜,突击支援,1211_Parry_Aid,回避支援,0,0,3.494,0.318,6.992,7.628,8.264,3.036,0.138,4.554,4.83,5.106,0,0,0,94.1,0,0,31092,5,9,2,1,0,0,1,0
1181,格莉丝,普攻,1181_NA_1,第1段普攻,0,0,0.551,0.051,1.112,1.214,1.316,0.18,0.009,0.279,0.297,0.315,0,0,0.62,4.28,0,0,0,0,0,0,0,0,25,3,0
1181,格莉丝,普攻,1181_NA_2,第2段普攻,0,0,0.597,0.055,1.202,1.312,1.422,0.347,0.016,0.523,0.555,0.587,0,0,1.19,8.28,0,0,0,0,0,0,0,0,24,3,0
1181,格莉丝,普攻,1181_NA_3,第3段普攻,0,0,1.248,0.114,2.502,2.73,2.958,0.716,0.033,1.079,1.145,1.211,0,0,2.45,17.05,0,0,6460,0,0,2,0,0,37,5,0
1181,格莉丝,普攻,1181_NA_4,第4段普攻,0,0,1.863,0.17,3.733,4.073,4.413,1.072,0.049,1.611,1.709,1.807,0,0,4.08,28.35,0,0,0,0,0,0,0,0,59,5,0
1181,格莉丝,普攻,1181_SNA_1,第1段特殊普攻,0,0,0.403,0.037,0.81,0.884,0.958,0.403,0.019,0.612,0.65,0.688,0,0,1.5,1.04,0,0,0,0,0,0,0,0,23,5,0
1181,格莉丝,特殊技,1181_E,特殊技,0,0,0.421,0.039,0.85,0.928,1.006,0.421,0.02,0.641,0.681,0.721,0,0,0,10.03,0,0,7003,1,1,2,0,0,35,2,0
1181,格莉丝,强化特殊技,1181_E_EX,强化特殊技,0,此处是双倍的倍率和成长，因为一次性有两颗手雷，角色说明面板里面也是这么标注的,3.338,0.304,6.682,7.29,7.898,1.342,0.122,2.684,2.928,3.172,40,40,0,47.55,0,0,14334,1,2,2,0,0,49,4,0
1181,格莉丝,特殊技,1181_R+E,闪E,0,0,0.421,0.039,0.85,0.928,1.006,0.421,0.02,0.641,0.681,0.721,0,0,0,10.03,0,0,7003,1,1,2,0,0,14,2,0
1181,格莉丝,连携技,1181_Q,终结技,0,0,5.713,0.52,11.433,12.473,13.513,1.523,0.07,2.293,2.433,2.573,0,0,0,152.65,0,0,34450,3,5,2,0,0,0,1,0
1181,格莉丝,终结技,1181_QTE,连携技,0,0,14.788,1.345,29.583,32.273,34.963,1.331,0.061,2.002,2.124,2.246,0,0,0,0,0,0,89570,3,6,2,0,0,83,9,0
1181,格莉丝,冲刺攻击,1181_RA,冲刺攻击,0,0,0.333,0.031,0.674,0.736,0.798,0.167,0.008,0.255,0.271,0.287,0,0,0.57,3.98,0,0,0,2,3,0,0,0,18,3,0
1181,格莉丝,闪避反击,1181_CA,闪避反击,0,0,1.642,0.15,3.292,3.592,3.892,1.505,0.069,2.264,2.402,2.54,0,0,1.44,10.03,0,0,4003,2,4,2,0,0,33,2,0
1181,格莉丝,受击支援,1181_BH_Aid,受击支援,0,0,0.455,0.042,0.917,1.001,1.085,0.455,0.021,0.686,0.728,0.77,0,0,1.44,10.03,0,0,4003,5,7,2,0,0,0,1,0
1181,格莉丝,突击支援,1181_Parry_Aid,回避支援,0,0,3.593,0.327,7.19,7.844,8.498,3.128,0.143,4.701,4.987,5.273,0,0,0,96.6,0,0,31992,5,9,2,0,0,0,1,0
1111,安东,普攻,1111_NA_1,第1段普攻,0,0,0.678,0.062,1.36,1.484,1.608,0.339,0.016,0.515,0.547,0.579,0,0,1.19,8.28,0,0,0,0,0,0,0,0,43,2,0
1111,安东,普攻,1111_NA_2,第2段普攻,0,0,0.923,0.084,1.847,2.015,2.183,0.753,0.035,1.138,1.208,1.278,0,0,2.65,18.43,0,0,0,0,0,0,0,0,41,2,0
1111,安东,普攻,1111_NA_3,第3段普攻,0,0,1.098,0.1,2.198,2.398,2.598,0.933,0.043,1.406,1.492,1.578,0,0,3.3,22.93,0,0,0,0,0,0,0,0,50,2,0
1111,安东,普攻,1111_NA_4,第4段普攻,0,0,2.291,0.209,4.59,5.008,5.426,1.814,0.083,2.727,2.893,3.059,0,0,6.39,44.4,0,0,0,0,0,0,0,0,88,3,0
1111,安东,普攻,1111_NA_1_A,第1段普攻（形态A）,0,这一段倍率和普攻第一段完全一样，只是动画时间不同。,0.678,0.062,1.36,1.484,1.608,0.339,0.016,0.515,0.547,0.579,0,0,1.19,8.28,0,0,0,0,0,0,0,0,43,2,0
1111,安东,普攻,1111_SNA_1,第1段特殊普攻,0,0,2.409,0.219,4.818,5.256,5.694,1.66,0.076,2.496,2.648,2.8,0,5,0,53.05,0,0,17749,0,0,2,1,0,60,4,0
1111,安东,普攻,1111_SNA_2_NFC,第2段特殊普攻（不满）,0,面板上和解包数据中均未找到“不蓄满”或者“点按”的具体倍率，只有满蓄力的倍率,0,0,0,0,0,0,0,0,0,0,0,0,0,0,0,0,0,0,0,0,1,0,0,1,0
1111,安东,普攻,1111_SNA_2_FC,第2段特殊普攻（满）,0,0,4.692,0.427,9.389,10.243,11.097,3.233,0.147,4.85,5.144,5.438,0,12,0,102.05,0,0,34151,0,0,2,1,0,100,28,0
1111,安东,普攻,1111_SNA_3_NFC,第3段特殊普攻（不满）,0,面板上和解包数据中均未找到“不蓄满”或者“点按”的具体倍率，只有满蓄力的倍率,0,0,0,0,0,0,0,0,0,0,0,0,0,0,0,0,0,0,0,0,1,0,82,8,0
1111,安东,普攻,1111_SNA_3_FC,第3段特殊普攻（满）,0,0,4.569,0.416,9.145,9.977,10.809,3.148,0.144,4.732,5.02,5.308,0,13,0,100.6,0,0,33668,0,0,2,1,0,120,16,0
1111,安东,冲刺攻击,1111_RA,冲刺攻击,0,0,0.684,0.063,1.377,1.503,1.629,0.342,0.016,0.518,0.55,0.582,0,0,0,0,0,0,0,2,3,0,0,0,40,2,0
1111,安东,冲刺攻击,1111_SRA,特殊冲刺攻击,0,0,2.409,0.219,4.818,5.256,5.694,1.66,0.076,2.496,2.648,2.8,0,0,0,0,0,0,0,2,3,0,1,0,60,4,0
1111,安东,闪避反击,1111_CA_1,闪避反击第1段,0,0,1.356,0.1235,2.7145,2.9615,3.2085,1.1585,0.053,1.7415,1.8475,1.9535,0,0,0,0,0,0,0,2,4,0,0,0,80,2,0
1111,安东,闪避反击,1111_CA_2,闪避反击第2段,0,0,1.356,0.1235,2.7145,2.9615,3.2085,1.1585,0.053,1.7415,1.8475,1.9535,0,0,0,0,0,0,0,2,4,0,0,0,86,2,0
1111,安东,闪避反击,1111_SCA,特殊闪避反击,0,0,4.654,0.424,9.318,10.166,11.014,3.518,0.16,5.278,5.598,5.918,0,12,0,0,0,0,0,2,4,0,1,0,88,20,0
1111,安东,连携技,1111_QTE,连携技,0,0,6.407,0.583,12.82,13.986,15.152,2.417,0.11,3.627,3.847,4.067,0,0,0,0,0,0,0,3,5,0,1,0,138,6,0
1111,安东,终结技,1111_Q,终结技,0,0,18.164,1.652,36.336,39.64,42.944,2.434,0.111,3.655,3.877,4.099,0,0,0,0,0,0,0,3,6,0,1,0,0,1,0
1111,安东,特殊技,1111_E,特殊技,0,0,0.434,0.04,0.874,0.954,1.034,0.434,0.02,0.654,0.694,0.734,0,0,0,0,0,0,0,1,1,0,1,0,56,2,0
1111,安东,强化特殊技,1111_E_EX,强化特殊技,0,0,1.957,0.178,3.915,4.271,4.627,1.957,0.089,2.936,3.114,3.292,40,0,0,0,0,0,0,1,2,0,1,0,76,4,0
1111,安东,受击支援,1111_BH_Aid,受击支援,0,0,0,0,0,0,0,0,0,0,0,0,0,0,0,0,0,0,0,5,7,0,1,0,0,1,0
1111,安东,招架/回避支援,1111_LightD_Aid,轻招架,0,0,0,0,0,0,0,0,0,0,0,0,0,0,0,0,0,0,0,5,8,0,1,0,0,1,0
1111,安东,招架/回避支援,1111_HeavyD_Aid,重招架,0,0,0,0,0,0,0,0,0,0,0,0,0,0,0,0,0,0,0,5,8,0,1,0,0,1,0
1111,安东,招架/回避支援,1111_ChainD_Aid,连续招架,0,0,0,0,0,0,0,0,0,0,0,0,0,0,0,0,0,0,0,5,8,0,1,0,0,1,0
1111,安东,突击支援,1111_Assault_Aid,突击支援,0,0,0,0,0,0,0,0,0,0,0,0,0,0,0,0,0,0,0,5,9,0,1,0,0,1,0
1081,比利,普攻,1081_NA_1,第1段普攻,0,0,0.68,0.062,1.362,1.486,1.61,0.544,0.025,0.819,0.869,0.919,0,0,9.075,0,0,0,5439,0,0,0,1,0,42,2,0
1081,比利,普攻,1081_NA_2,第2段普攻,0,0,0.152,0.014,0.306,0.334,0.362,0.122,0.006,0.188,0.2,0.212,0,0,3.025,0,0,0,604,0,0,0,1,0,21,3,0
1081,比利,普攻,1081_NA_3,第3段普攻,0,0,0.618,0.057,1.245,1.359,1.473,0.547,0.025,0.822,0.872,0.922,0,0,13.675,0,0,0,8709,0,0,0,1,0,53,2,0
1081,比利,普攻,1081_NA_4,第4段普攻,0,0,0.127,0.012,0.259,0.283,0.307,0.089,0.005,0.144,0.154,0.164,0,0,2.225,0,0,0,889,0,0,0,1,0,11,3,0
1081,比利,普攻,1081_NA_5,第5段普攻,0,0,0.495,0.045,0.99,1.08,1.17,0.552,0.026,0.838,0.89,0.942,0,0,13.8,0,0,0,8079,0,0,0,1,0,26,4,0
1081,比利,特殊技,1081_E_1,第1段特殊技,0,0,0.242,0.022,0.484,0.528,0.572,0.242,0.01,0.352,0.372,0.392,0,0,0,0,0,0,0,1,1,0,1,0,30,1,0
1081,比利,特殊技,1081_E_2,第2段特殊技,0,0,0.517,0.047,1.034,1.128,1.222,0.517,0.024,0.781,0.829,0.877,0,0,0,0,0,0,0,1,1,0,1,0,32,1,0
1081,比利,特殊技,1081_E_3,第3段特殊技,0,0,0.501,0.046,1.007,1.099,1.191,0.501,0.023,0.754,0.8,0.846,0,0,0,0,0,0,0,1,1,0,1,0,30,1,0
1081,比利,强化特殊技,1081_E_EX,强化特殊技,0,0,5.438,0.495,10.883,11.873,12.863,4.395,0.155,6.1,6.41,6.72,60,60,0,0,0,0,0,1,2,0,1,0,69,4,0
1081,比利,连携技,1081_QTE,连携技,0,0,7.33,0.667,14.667,16.001,17.335,0,0,0,0,0,0,0,0,0,0,0,0,3,5,0,1,0,128,9,0
1081,比利,普攻,1081_QTE_PRE,连携技僵直,0,0,0,0,0,0,0,0,0,0,0,0,0,0,0,0,0,0,0,0,0,0,1,0,67,9,0
1081,比利,普攻,1081_RA_F,前冲刺攻击,0,0,0.381,0.035,0.766,0.836,0.906,0,0,0,0,0,0,0,0.762,0,0,0,0,0,0,0,1,0,42,7,0
1081,比利,普攻,1081_RA_B,后冲刺攻击,0,0,0.623,0.057,1.25,1.364,1.478,0,0,0,0,0,0,0,2.49,0,0,0,0,0,0,0,1,0,26,1,0
1081,比利,普攻,1081_CA,闪避反击,0,0,2.203,0.201,4.414,4.816,5.218,0,0,0,0,0,0,0,3.329,0,0,0,0,0,0,0,1,0,62,3,0
1081,比利,普攻,1081_BH_Aid,受击支援,0,0,0,0,0,0,0,0,0,0,0,0,0,0,0,0,0,0,0,0,0,0,1,0,0,1,0
1081,比利,普攻,1081_LightD_Aid,轻招架,0,0,0,0,0,0,0,0,0,0,0,0,0,0,0,0,0,0,0,0,0,0,1,0,0,1,0
1081,比利,普攻,1081_HeavyD_Aid,重招架,0,0,0,0,0,0,0,0,0,0,0,0,0,0,0,0,0,0,0,0,0,0,1,0,0,1,0
1081,比利,普攻,1081_ChainD_Aid,连续招架,0,0,0,0,0,0,0,0,0,0,0,0,0,0,0,0,0,0,0,0,0,0,1,0,0,1,0
1081,比利,普攻,1081_Assault_Aid,突击支援,0,0,0,0,0,0,0,0,0,0,0,0,0,0,0,0,0,0,0,0,0,0,1,0,0,1,0
1031,妮可,普攻,1031_NA_1,第1段普攻,0,0,0.659,0.06,1.319,1.439,1.559,0,0,0,0,0,0,0,0,0,0,0,0,0,0,0,1,0,46,4,0
1031,妮可,普攻,1031_NA_2,第2段普攻,0,0,0.713,0.065,1.428,1.558,1.688,0,0,0,0,0,0,0,0,0,0,0,0,0,0,0,1,0,37,5,0
1031,妮可,普攻,1031_NA_3,第3段普攻,0,0,3.043,0.273,6.046,6.592,7.138,0,0,0,0,0,0,0,0,0,0,0,0,0,0,0,1,0,105,16,0
1031,妮可,特殊技,1031_E,特殊技,0,"此项目的喧响值来源于实测+三测拆包数据逆推，结果无限接近于该值，所以直接填写红字了,",0.526,0,0.526,0.526,0.526,0.5,0,0.5,0.5,0.5,0,0,0,13.15,0,0,5128,1,1,4,1,0,74,2,0
1031,妮可,强化特殊技,1031_E_EX_1,第1段强化特殊技,0,这一段是炮击伤害,2.15,0.196,4.306,4.698,5.09,1.798,0.082,2.7,2.864,3.028,60,5,0,62.325,0,0,19654,1,2,4,1,0,0,1,0
1031,妮可,强化特殊技,1031_E_EX_2,第2段强化特殊技,0,这一段是大能量场伤害,2.15,0.196,4.306,4.698,5.09,1.798,0.082,2.7,2.864,3.028,60,37,0,62.33,0,0,19654,1,2,4,1,0,0,1,0
1031,妮可,强化特殊技,1031_E_EX_B,强化E形态B,0,这一段是蓄力的小能量场伤害,3.87,0.352,7.742,8.446,9.15,3.236,0.148,4.864,5.16,5.456,0,20,0,124.65,0,0,39309,1,2,4,1,0,0,1,0
1031,妮可,强化特殊技,1031_E_EX_A,强化E形态A,0,这些都是释放强化E的一些不同手法，最后所得的能量场均相同，炮击伤害亦相同，可以根据需求自由组合。,3.87,0.352,7.742,8.446,9.15,0,0,0,0,0,0,0,0,0,0,0,0,1,2,0,0,0,112,18,0
1031,妮可,强化特殊技,1031_E_EX_FC,强化特殊技（满）,0,0,8.17,0,8.17,8.17,8.17,0,0,0,0,0,0,0,0,0,0,0,0,1,2,0,0,0,179,4,0
1031,妮可,强化特殊技,1031_E_EX_A_1,强化E形态A第1段,0,0,0,0,0,0,0,0,0,0,0,0,0,0,0,0,0,0,0,1,2,0,0,0,70,12,0
1031,妮可,强化特殊技,1031_E_EX_B_1,强化E形态B第1段,0,0,0,0,0,0,0,0,0,0,0,0,0,0,0,0,0,0,0,1,2,0,0,0,56,1,0
1031,妮可,强化特殊技,1031_E_EX_B_2,强化E形态B第2段,0,0,0,0,0,0,0,0,0,0,0,0,0,0,0,0,0,0,0,1,2,0,0,0,181,4,0
1031,妮可,冲刺攻击,1031_RA,冲刺攻击,0,0,0,0,0,0,0,0,0,0,0,0,0,0,0,0,0,0,0,2,3,0,0,0,0,0,0
1031,妮可,闪避反击,1031_CA,闪避反击,0,0,0,0,0,0,0,0,0,0,0,0,0,0,0,0,0,0,0,2,4,0,0,0,0,0,0
1031,妮可,连携技,1031_QTE_1,#N/A,0,炮击,2.096,0.192,4.208,4.592,4.976,0.5,0.024,0.764,0.812,0.86,0,0,0,58.8,0,0,12880,3,5,4,1,0,0,1,0
1031,妮可,连携技,1031_QTE_2,#N/A,0,能量场,2.83,0.258,5.668,6.184,6.7,0.675,0.031,1.016,1.078,1.14,0,0,0,88.2,0,0,19320,3,5,4,1,0,0,1,0
1031,妮可,连携技,1031_QTE,连携技,0,由于连携技是没有详细帧数拆分的，但是倍率有拆分。所以在计算中，应尽量将妮可的连携技视作一个整体来进行运算，即两段倍率相加。,4.926,0.45,9.876,10.776,11.676,1.175,0.055,1.78,1.89,2,0,0,0,147,0,0,32200,3,5,4,1,0,0,0,0
1031,妮可,受击支援,1031_BH_Aid,受击支援,0,0,0,0,0,0,0,0,0,0,0,0,0,0,0,0,0,0,0,5,7,0,0,0,0,1,0
1031,妮可,招架/回避支援,1031_LightD_Aid,轻招架,0,0,0,0,0,0,0,0,0,0,0,0,0,0,0,0,0,0,0,5,8,0,0,0,0,1,0
1031,妮可,招架/回避支援,1031_HeavyD_Aid,重招架,0,0,0,0,0,0,0,0,0,0,0,0,0,0,0,0,0,0,0,5,8,0,0,0,0,1,0
1031,妮可,招架/回避支援,1031_ChainD_Aid,连续招架,0,0,0,0,0,0,0,0,0,0,0,0,0,0,0,0,0,0,0,5,8,0,0,0,0,1,0
1031,妮可,突击支援,1031_Assault_Aid,突击支援,0,0,0,0,0,0,0,0,0,0,0,0,0,0,0,0,0,0,0,5,9,0,0,0,0,1,0
1261,派派,普攻,1261_NA_1,第1段普攻,0,0,0.59,0.054,1.184,1.292,1.4,0.295,0.014,0.449,0.477,0.505,0,0,1.062,6.313,0,0,2948,0,0,0,1,0,39,0,0
1261,派派,普攻,1261_NA_2,第2段普攻,0,0,0.788,0.072,1.58,1.724,1.868,0.645,0.03,0.975,1.035,1.095,0,0,2.319,13.803,0,0,6440,0,0,0,1,0,40,0,0
1261,派派,普攻,1261_NA_3,第3段普攻,0,0,1.501,0.137,3.008,3.282,3.556,1.219,0.056,1.835,1.947,2.059,0,0,4.389,26.0866,0,0,12189,0,0,0,1,0,81,0,0
1261,派派,普攻,1261_NA_4,第4段普攻,0,0,3.206,0.292,6.418,7.002,7.586,2.522,0.115,3.787,4.017,4.247,0,0,9.077,53.9708,0,0,25211,0,0,0,1,0,80,0,0
1261,派派,特殊技,1261_E,特殊技,0,0,0.934,0.085,1.869,2.039,2.209,0.934,0.043,1.407,1.493,1.579,0,0,0,19.9876,0,0,27166,1,1,0,1,0,83,0,0
1261,派派,特殊技,1261_E_NFC,特殊技（不满）,0,0,1.034,0.094,2.068,2.256,2.444,1.034,0.047,1.551,1.645,1.739,0,0,0,22.1276,0,0,9333,1,1,0,1,0,0,1,0
1261,派派,特殊技,1261_E_FC,特殊技（满）,0,0,2.35,0.214,4.704,5.132,5.56,2.35,0.107,3.527,3.741,3.955,0,0,0,50.29,0,0,10336,1,1,0,1,0,88,0,0
1261,派派,强化特殊技,1261_E_EX,强化特殊技,0,0,6.129,0.558,12.267,13.383,14.499,3.968,0.181,5.959,6.321,6.683,0,0,0,98.2046,0,0,23500,1,2,0,1,0,84,0,0
1261,派派,强化特殊技,1261_E_EX_A,强化E形态A,每圈,0,0.9355,0.0855,1.876,2.047,2.218,0.548,0.025,0.823,0.873,0.923,0,0,0,14.4343,0,0,53255,1,2,0,1,0,63,0,0
1261,派派,冲刺攻击,1261_RA,冲刺攻击,0,0,0.901,0.082,1.803,1.967,2.131,0.451,0.021,0.682,0.724,0.766,0,0,1.621,9.6514,0,0,8062.5,2,3,0,1,0,56,0,0
1261,派派,闪避反击,1261_CA,闪避反击,0,0,2.69,0.245,5.385,5.875,6.365,2.3,0.105,3.455,3.665,3.875,0,0,4.679,27.82,0,0,4501,2,4,0,1,0,101,0,0
1261,派派,连携技,1261_QTE,连携技,0,0,6.523,0.593,13.046,14.232,15.418,2.533,0.116,3.809,4.041,4.273,0,0,0,196.5162,0,0,12996,3,5,0,1,0,0,0,0
1261,派派,终结技,1261_Q,终结技,0,0,16.604,1.51,33.214,36.234,39.254,3.283,0.15,4.933,5.233,5.533,0,0,0,0,0,0,45279,3,6,0,1,0,0,0,0
1261,派派,受击支援,1261_BH_Aid,受击支援,0,0,1.3,0.119,2.609,2.847,3.085,1.3,0.06,1.96,2.08,2.2,0,0,0,27.82,0,0,112754,5,7,0,1,0,0,1,0
1261,派派,招架/回避支援,1261_LightD_Aid,轻招架,0,0,0,0,0,0,0,2.467,0.113,3.71,3.936,4.162,0,0,0,14.2738,0,0,12996,5,8,0,1,0,0,1,0
1261,派派,招架/回避支援,1261_HeavyD_Aid,重招架,0,0,0,0,0,0,0,3.117,0.142,4.679,4.963,5.247,0,0,0,24.9738,0,0,0,5,8,0,1,0,0,1,0
1261,派派,招架/回避支援,1261_ChainD_Aid,连续招架,0,0,0,0,0,0,0,1.517,0.069,2.276,2.414,2.552,0,0,0,24.9738,0,0,0,5,8,0,1,0,0,1,0
1261,派派,突击支援,1261_Assault_Aid,突击支援,0,0,4.005,0.365,8.02,8.75,9.48,3.52,0.16,5.28,5.6,5.92,0,0,0,96.0646,0,0,0,5,9,0,1,0,0,1,0
1300,青衣,普攻,1300_NA_1,第1段普攻,0,0,0.472,0.043,0.945,1.031,1.117,0.236,0.011,0.357,0.379,0.401,0,0,0.771,4.601,0,0,37622,0,0,2,0,0,27,3,0
1300,青衣,普攻,1300_NA_1_A,第1段普攻（形态A）,0,0,1.103,0.101,2.214,2.416,2.618,0.552,0.026,0.838,0.89,0.942,0,0,1.805,10.7428,0,0,0,0,0,0,0,0,58,0,0
1300,青衣,普攻,1300_NA_2,第2段普攻,0,0,1.221,0.111,2.442,2.664,2.886,0.822,0.038,1.24,1.316,1.392,0,0,2.689,18.618,0,0,0,0,0,0,0,0,51,3,0
1300,青衣,普攻,1300_NA_Switch,普攻状态切换,A3起手,0,0,0,0,0,0,0,0,0,0,0,0,0,0,0,0,0,0,0,0,0,0,0,9,0,0
1300,青衣,普攻,1300_NA_3_NFC,第3段普攻（不满）,16帧A3,0,0.176,0.016,0.352,0.384,0.416,0.11,0.005,0.165,0.175,0.185,0,0,0.48,2.8676,0,0,1333,0,0,2,0,0,16,4,0
1300,青衣,普攻,1300_NA_3_FC,第3段普攻（满）,260帧A3,0,2.816,0.256,5.632,6.144,6.656,1.76,0.08,2.64,2.8,2.96,0,0,3.477,20.6724,0,0,6454,0,0,2,0,0,260,64,0
1300,青衣,普攻,1300_NA_4,第4段普攻,强化4段,0,2.344,0.214,4.698,5.126,5.554,2.047,0.094,3.081,3.269,3.457,0,0,6.698,39.8254,0,0,15399,0,0,2,0,0,128,10,0
1300,青衣,普攻,1300_SNA,特殊普攻,直接长按普攻,0,0.856,0.078,1.714,1.87,2.026,0.856,0.039,1.285,1.363,1.441,0,0,2.799,16.6492,0,0,7774,0,0,2,0,0,48,2,0
1300,青衣,普攻,1300_SNA_1,第1段特殊普攻,0,0,4.487,0.408,8.975,9.791,10.607,2.719,0.124,4.083,4.331,4.579,0,0,6.845,40.7028,0,0,19013,0,0,2,0,0,100,15,0
1300,青衣,普攻,1300_SNA_2,第2段特殊普攻,0,0,3.944,0.359,7.893,8.611,9.329,2.176,0.099,3.265,3.463,3.661,0,0,5.478,32.5708,0,0,15214,0,0,2,0,0,82,5,0
1300,青衣,特殊技,1300_E,特殊技,0,0,0.624,0.057,1.251,1.365,1.479,0.624,0.029,0.943,1.001,1.059,0,0,0,12.1338,0,0,5668,1,1,2,0,0,82,0,0
1300,青衣,强化特殊技,1300_E_EX_NFC,强化特殊技（不满）,0,0,6.028,0.549,12.067,13.165,14.263,4.443,0.203,6.676,7.082,7.488,0,60,0,76.3124,0,0,29916,1,2,2,0,0,98,0,0
1300,青衣,强化特殊技,1300_E_EX_FC,强化特殊技（满）,0,0,8.037333333,0.732,16.08933333,17.55333333,19.01733333,5.924,0.270666667,8.901333333,9.442666667,9.984,0,80,0,82.6682,0,0,32409,1,2,2,0,0,110,0,0
1300,青衣,冲刺攻击,1300_RA,冲刺攻击,0,0,0.495,0.045,0.99,1.08,1.17,0.248,0.012,0.38,0.404,0.428,0,0,0.81,4.815,0,0,0,2,3,0,0,0,23,0,0
1300,青衣,闪避反击,1300_CA,闪避反击,0,0,2.84,0.259,5.689,6.207,6.725,1.904,0.087,2.861,3.035,3.209,0,0,4.381,26.0438,0,0,12166,2,4,2,0,0,82,0,0
1300,青衣,连携技,1300_QTE,连携技,0,0,6.479,0.589,12.958,14.136,15.314,2.09,0.095,3.135,3.325,3.515,0,0,0,182.97,0,0,38946,3,5,2,0,0,120,0,0
1300,青衣,终结技,1300_Q,终结技,0,0,16.707,1.519,33.416,36.454,39.492,10.971,0.499,16.46,17.458,18.456,0,0,0,0,0,0,21503,3,6,2,0,0,90,0,0
1300,青衣,受击支援,1300_BH_Aid,受击支援,0,0,1.339,0.122,2.681,2.925,3.169,1.339,0.061,2.01,2.132,2.254,0,0,4.381,26.0438,0,0,12166,5,7,2,0,0,0,1,0
1300,青衣,招架/回避支援,1300_LightD_Aid,轻招架,0,0,0,0,0,0,0,2.493,0.114,3.747,3.975,4.203,0,0,0,14.2738,0,0,0,5,8,0,0,0,0,1,0
1300,青衣,招架/回避支援,1300_HeavyD_Aid,重招架,0,0,0,0,0,0,0,3.043,0.139,4.572,4.85,5.128,0,0,0,24.9738,0,0,0,5,8,0,0,0,0,1,0
1300,青衣,招架/回避支援,1300_ChainD_Aid,连续招架,0,0,0,0,0,0,0,1.283,0.059,1.932,2.05,2.168,0,0,0,24.9738,0,0,0,5,8,0,0,0,0,1,0
1300,青衣,突击支援,1300_Assault_Aid,突击支援,0,0,3.764,0.343,7.537,8.223,8.909,2.79,0.127,4.187,4.441,4.695,0,0,0,35.3314,0,0,32001,5,9,2,0,0,0,1,0
1301,简,普攻,1301_NA_1,第1段普攻,0,0,0.361,0.033,0.724,0.79,0.856,0.153,0.007,0.23,0.244,0.258,0,0,0.501,2.9746,0,0,2134,0,0,0,1,0,20,1,0
1301,简,普攻,1301_NA_2,第2段普攻,0,0,0.623,0.057,1.25,1.364,1.478,0.443,0.021,0.674,0.716,0.758,0,0,1.448,8.6028,0,0,5206,0,0,0,1,0,30,2,0
1301,简,普攻,1301_NA_3,第3段普攻,0,0,0.835,0.076,1.671,1.823,1.975,0.595,0.028,0.903,0.959,1.015,0,0,1.946,11.5774,0,0,6878,0,0,0,1,0,30,3,0
1301,简,普攻,1301_NA_4,第4段普攻,0,0,1.634,0.149,3.273,3.571,3.869,1.097,0.05,1.647,1.747,1.847,0,0,3.589,21.3358,0,0,12745,0,0,0,1,0,60,6,0
1301,简,普攻,1301_NA_5,第5段普攻,0,0,0.988,0.09,1.978,2.158,2.338,0.687,0.032,1.039,1.103,1.167,0,0,2.246,13.3536,0,0,7671,0,0,0,1,0,40,3,0
1301,简,普攻,1301_NA_6,第6段普攻,0,0,2.913,0.265,5.828,6.358,6.888,2,0.091,3.001,3.183,3.365,0,0,6.543,38.9052,0,0,22662,0,0,0,1,0,86,6,0
1301,简,普攻,1301_SNA_1,第1段特殊普攻,0,0,3.008,0.274,6.022,6.57,7.118,2.292,0.105,3.447,3.657,3.867,0,0,7.499,44.5762,0,0,27340,0,0,0,1,0,150,17,0
1301,简,普攻,1301_SNA_2,第2段特殊普攻,0,0,1.613,0.147,3.23,3.524,3.818,1.229,0.056,1.845,1.957,2.069,0,0,4.02,23.9038,0,0,14656,0,0,0,1,0,42,2,0
1301,简,特殊技,1301_E,特殊技,0,0,0.578,0.053,1.161,1.267,1.373,0.578,0.027,0.875,0.929,0.983,0,0,0,11.235,0,0,5250,1,1,0,1,0,74,4,0
1301,简,强化特殊技,1301_E_EX,强化特殊技,0,0,5.747,0.523,11.5,12.546,13.592,4.681,0.213,7.024,7.45,7.876,0,60,0,132.5302,0,0,47396,1,2,0,1,0,90,6,0
1301,简,冲刺攻击,1301_RA_1,冲刺攻击第1段,0,0,0.715,0.065,1.43,1.56,1.69,0.358,0.017,0.545,0.579,0.613,0,0,1.17,6.955,0,0,3250,2,3,0,1,0,42,2,0
1301,简,冲刺攻击,1301_RA_2,冲刺攻击第2段,0,0,0.715,0.065,1.43,1.56,1.69,0.358,0.017,0.545,0.579,0.613,0,0,1.17,6.955,0,0,3250,2,3,0,1,0,42,2,0
1301,简,冲刺攻击,1301_RA,冲刺攻击,0,0,1.045,0.095,2.09,2.28,2.47,0.523,0.024,0.787,0.835,0.883,0,0,1.71,10.165,0,0,4748,2,3,0,1,0,54,4,0
1301,简,闪避反击,1301_CA_1,闪避反击第1段,0,0,3.412,0.311,6.833,7.455,8.077,2.292,0.105,3.447,3.657,3.867,0,0,3.9,23.1976,0,0,17767,2,4,0,1,0,76,5,0
1301,简,闪避反击,1301_CA_2,闪避反击第2段,0,0,3.412,0.311,6.833,7.455,8.077,2.292,0.105,3.447,3.657,3.867,0,0,3.9,23.1976,0,0,17767,2,4,0,1,0,76,5,0
1301,简,闪避反击,1301_CA,闪避反击,0,0,3.87,0.352,7.742,8.446,9.15,2.475,0.113,3.718,3.944,4.17,0,0,4.499,26.75,0,0,19431,2,4,0,1,0,76,5,0
1301,简,连携技,1301_QTE,连携技,0,0,6.326,0.576,12.662,13.814,14.966,2.376,0.108,3.564,3.78,3.996,0,0,0,0,0,0,43946,3,5,0,1,0,62,15,0
1301,简,终结技,1301_Q,终结技,0,0,14.706,1.337,29.413,32.087,34.761,1.865,0.085,2.8,2.97,3.14,0,0,0,0,0,0,96658,3,6,0,1,0,90,0,0
1301,简,受击支援,1301_BH_Aid,受击支援,0,0,1.192,0.109,2.391,2.609,2.827,1.192,0.055,1.797,1.907,2.017,0,0,3.9,23.1976,0,0,10833,5,7,0,1,0,0,0,0
1301,简,受击支援,1301_BH_Aid_A,受击支援_A,0,0,1.375,0.125,2.75,3,3.25,1.375,0.063,2.068,2.194,2.32,0,0,4.499,26.75,0,0,12496,5,7,0,1,0,0,0,0
1301,简,招架/回避支援,1301_LightD_Aid,轻招架,0,0,0,0,0,0,0,2.713,0.124,4.077,4.325,4.573,0,0,0,14.2738,0,0,0,5,8,0,1,0,0,0,0
1301,简,招架/回避支援,1301_HeavyD_Aid,重招架,0,0,0,0,0,0,0,3.428,0.156,5.144,5.456,5.768,0,0,0,24.9738,0,0,0,5,8,0,1,0,0,0,0
1301,简,招架/回避支援,1301_ChainD_Aid,连续招架,0,0,0,0,0,0,0,1.668,0.076,2.504,2.656,2.808,0,0,0,24.9738,0,0,0,5,8,0,1,0,0,0,0
1301,简,突击支援,1301_Assault_Aid,突击支援,0,0,3.455,0.315,6.92,7.55,8.18,2.99,0.136,4.486,4.758,5.03,0,0,0,76.2696,0,0,29292,5,9,0,1,0,0,0,0
1302,塞斯,普攻,1302_NA_1,第1段普攻,0,0,0.362,0.033,0.725,0.791,0.857,0.181,0.009,0.28,0.298,0.316,0,0,0.652,3.8734,0,0,0,0,0,0,0,0,0,1,0
1302,塞斯,普攻,1302_NA_2,第2段普攻,0,0,0.565,0.052,1.137,1.241,1.345,0.451,0.021,0.682,0.724,0.766,0,0,1.624,9.6514,0,0,0,0,0,0,0,0,0,1,0
1302,塞斯,普攻,1302_NA_3,第3段普攻,0,0,1.933,0.176,3.869,4.221,4.573,1.513,0.069,2.272,2.41,2.548,0,0,5.445,32.3782,0,0,0,0,0,0,0,0,0,1,0
1302,塞斯,普攻,1302_NA_4,第4段普攻,0,0,0.974,0.089,1.953,2.131,2.309,0.805,0.037,1.212,1.286,1.36,0,0,2.895,17.227,0,0,8041,0,0,2,1,0,0,1,0
1302,塞斯,普攻,1302_SNA_1,第1段特殊普攻,0,0,3.828,0.348,7.656,8.352,9.048,1.617,0.074,2.431,2.579,2.727,0,0,5.821,34.6038,0,0,16168,0,0,2,1,0,0,1,0
1302,塞斯,普攻,1302_SNA_2,第2段特殊普攻,0,0,4.242,0.386,8.488,9.26,10.032,1.455,0.067,2.192,2.326,2.46,0,0,4.76,28.3122,0,0,13220,0,0,2,1,0,0,1,0
1302,塞斯,特殊技,1302_E,特殊技,0,0,0.692,0.063,1.385,1.511,1.637,0.692,0.032,1.044,1.108,1.172,0,0,0,14.8088,0,0,6918,1,1,2,1,0,0,1,0
1302,塞斯,强化特殊技,1302_E_EX,强化特殊技,0,0,6.46,0.588,12.928,14.104,15.28,5.404,0.246,8.11,8.602,9.094,0,80,0,160.8638,0,0,59316,1,2,2,1,0,0,1,0
1302,塞斯,强化特殊技,1302_E_EX_A,强化E形态A,0,0,9.998,0.909,19.997,21.815,23.633,8.49,0.386,12.736,13.508,14.28,0,80,0,246.2284,0,0,92438,1,2,2,1,0,0,1,0
1302,塞斯,冲刺攻击,1302_RA,冲刺攻击,0,0,1.1,0.1,2.2,2.4,2.6,0.55,0.025,0.825,0.875,0.925,0,0,1.98,11.77,0,0,0,2,3,0,1,0,0,1,0
1302,塞斯,闪避反击,1302_CA,闪避反击,0,0,2.3,0.21,4.61,5.03,5.45,2,0.091,3.001,3.183,3.365,0,0,3.6,21.4,0,0,10000,2,4,2,1,0,0,1,0
1302,塞斯,连携技,1302_QTE,连携技,0,0,7.041,0.641,14.092,15.374,16.656,3.051,0.139,4.58,4.858,5.136,0,0,0,207.6014,0,0,55000,3,5,2,1,0,0,1,0
1302,塞斯,终结技,1302_Q,终结技,0,0,20.243,1.841,40.494,44.176,47.858,4.033,0.184,6.057,6.425,6.793,0,0,0,0,0,0,40329,3,6,2,1,0,0,1,0
1302,塞斯,受击支援,1302_BH_Aid,受击支援,0,0,1,0.091,2.001,2.183,2.365,1,0.046,1.506,1.598,1.69,0,0,3.6,21.4,0,0,10000,5,7,2,1,0,0,1,0
1302,塞斯,招架/回避支援,1302_LightD_Aid,轻招架,0,0,0,0,0,0,0,2.467,0.113,3.71,3.936,4.162,0,0,0,14.2738,0,0,0,5,8,0,1,0,0,1,0
1302,塞斯,招架/回避支援,1302_HeavyD_Aid,重招架,0,0,0,0,0,0,0,3.117,0.142,4.679,4.963,5.247,0,0,0,24.9738,0,0,0,5,8,0,1,0,0,1,0
1302,塞斯,招架/回避支援,1302_ChainD_Aid,连续招架,0,0,0,0,0,0,0,1.517,0.069,2.276,2.414,2.552,0,0,0,24.9738,0,0,0,5,8,0,1,0,0,1,0
1302,塞斯,突击支援,1302_Assault_Aid,突击支援,0,0,4.285,0.39,8.575,9.355,10.135,3.78,0.172,5.672,6.016,6.36,0,0,0,102.4846,0,0,40322,5,9,2,1,0,0,1,0
6121,凯撒,普攻,6121_NA_1,第1段普攻,0,0,0.472,0.043,0.945,1.031,1.117,0.213,0.01,0.323,0.343,0.363,0,0,0.772,4.601,0,0,2142,0,0,0,1,0,30,0,0
6121,凯撒,普攻,6121_NA_2,第2段普攻,0,0,0.409,0.038,0.827,0.903,0.979,0.338,0.016,0.514,0.546,0.578,0,0,1.228,7.2974,0,0,3409,0,0,0,1,0,15,0,0
6121,凯撒,普攻,6121_NA_3,第3段普攻,0,0,1.483,0.135,2.968,3.238,3.508,1.1,0.05,1.65,1.75,1.85,0,0,3.998,23.7754,0,0,11104,0,0,0,1,0,66,0,0
6121,凯撒,普攻,6121_NA_Switch,普攻状态切换,0,0,1.184,0.108,2.372,2.588,2.804,0.736,0.034,1.11,1.178,1.246,0,0,2.676,15.9216,0,0,7432,0,0,0,1,0,42,0,0
6121,凯撒,普攻,6121_NA_4,第4段普攻,0,0,0.788,0.072,1.58,1.724,1.868,0.675,0.031,1.016,1.078,1.14,0,0,2.453,14.5948,0,0,6812,0,0,0,1,0,32,0,0
6121,凯撒,普攻,6121_NA_5,第5段普攻,0,0,1.986,0.181,3.977,4.339,4.701,1.375,0.063,2.068,2.194,2.32,0,0,4.997,29.7032,0,0,13879,0,0,0,1,0,77,0,0
6121,凯撒,普攻,6121_NA_6,第6段普攻,0,0,3.999,0.364,8.003,8.731,9.459,2.626,0.12,3.946,4.186,4.426,0,0,9.549,56.7742,0,0,26524,0,0,0,1,0,132,0,0
6121,凯撒,普攻,6121_SNA,特殊普攻,0,0,2.051,0.187,4.108,4.482,4.856,1.607,0.074,2.421,2.569,2.717,0,0,5.841,34.7322,0,0,16222,0,0,0,1,0,57,0,0
6121,凯撒,特殊技,6121_E,特殊技,0,0,0.533,0.049,1.072,1.17,1.268,0.24,0.011,0.361,0.383,0.405,0,0,0,0,0,0,2418,1,1,0,1,0,31,0,0
6121,凯撒,特殊技,6121_E_A,特殊技形态A,0,0,0,0,0,0,0,0.77,0.035,1.155,1.225,1.295,0,0,0,0,0,0,4000,1,1,0,1,0,0,0,0
6121,凯撒,特殊技,6121_E_B,特殊技形态B,0,0,0.588,0.054,1.182,1.29,1.398,0.265,0.013,0.408,0.434,0.46,0,0,0,0,0,0,2668,1,1,0,0,0,60,0,0
6121,凯撒,强化特殊技,6121_E_EX,强化特殊技,0,0,2.955,0.269,5.914,6.452,6.99,2.526,0.115,3.791,4.021,4.251,0,0,0,0,0,0,24911,1,2,0,1,0,75,0,0
6121,凯撒,强化特殊技,6121_E_EX_A,强化E形态A,0,0,0,0,0,0,0,1.54,0.07,2.31,2.45,2.59,0,0,0,0,0,0,10000,1,2,0,1,0,0,0,0
6121,凯撒,强化特殊技,6121_E_EX_B,强化E形态B,0,0,3.341,0.304,6.685,7.293,7.901,2.884,0.132,4.336,4.6,4.864,0,0,0,0,0,0,28287,1,2,0,1,0,75,0,0
6121,凯撒,冲刺攻击,6121_RA,冲刺攻击,0,0,0.623,0.057,1.25,1.364,1.478,0.312,0.015,0.477,0.507,0.537,0,0,0,0,0,0,2831,2,3,0,1,0,35,0,0
6121,凯撒,闪避反击,6121_CA,闪避反击,0,0,1.935,0.176,3.871,4.223,4.575,1.742,0.08,2.622,2.782,2.942,0,0,0,0,0,0,5833,2,4,0,1,0,35,0,0
6121,凯撒,连携技,6121_QTE,连携技,0,0,6.388,0.581,12.779,13.941,15.103,1.999,0.091,3,3.182,3.364,0,0,0,0,0,0,38116,3,5,0,1,0,66,0,0
6121,凯撒,终结技,6121_Q,终结技,0,0,20.123,1.83,40.253,43.913,47.573,2.787,0.127,4.184,4.438,4.692,0,0,0,0,0,0,25329,3,6,0,1,0,90,0,0
6121,凯撒,受击支援,6121_BH_Aid,受击支援,0,0,0.642,0.059,1.291,1.409,1.527,0.642,0.03,0.972,1.032,1.092,0,0,0,0,0,0,5833,5,7,0,1,0,0,0,0
6121,凯撒,招架/回避支援,6121_LightD_Aid,轻招架,0,0,0,0,0,0,0,2.713,0.124,4.077,4.325,4.573,0,0,0,0,0,0,0,5,8,0,1,0,0,0,0
6121,凯撒,招架/回避支援,6121_HeavyD_Aid,重招架,0,0,0,0,0,0,0,3.453,0.157,5.18,5.494,5.808,0,0,0,0,0,0,0,5,8,0,1,0,0,0,0
6121,凯撒,招架/回避支援,6121_ChainD_Aid,连续招架,0,0,0,0,0,0,0,1.693,0.077,2.54,2.694,2.848,0,0,0,0,0,0,0,5,8,0,1,0,0,0,0
6121,凯撒,突击支援,6121_Assault_Aid,突击支援,0,0,4.072,0.371,8.153,8.895,9.637,3.563,0.162,5.345,5.669,5.993,0,0,0,0,0,0,34697,5,9,0,1,0,0,0,0
1171,柏妮思,普攻,1171_NA_1,第1段普攻,普通攻击：炽焰直调式,0,0.448,0.041,0.899,0.981,1.063,0.187,0.009,0.286,0.304,0.322,0,0,0.61,3.638,0,0,1694,0,0,1,0.833333333,0,44,0,0
1171,柏妮思,普攻,1171_NA_2,第2段普攻,普通攻击：炽焰直调式,0,0.435,0.04,0.875,0.955,1.035,0.308,0.014,0.462,0.49,0.518,0,0,1.007,5.992,0,0,0,0,0,0,0,0,46,0,0
1171,柏妮思,普攻,1171_NA_3,第3段普攻,普通攻击：炽焰直调式,0,0.717,0.066,1.443,1.575,1.707,0.478,0.022,0.72,0.764,0.808,0,0,1.562,9.2876,0,0,4337,0,0,1,1,0,46,0,0
1171,柏妮思,普攻,1171_NA_4,第4段普攻,普通攻击：炽焰直调式,0,0.666,0.061,1.337,1.459,1.581,0.304,0.014,0.458,0.486,0.514,0,0,0.992,5.9064,0,0,2754,0,0,1,1,0,38,0,0
1171,柏妮思,普攻,1171_NA_5,第5段普攻,普通攻击：炽焰直调式,0,0.963,0.088,1.931,2.107,2.283,0.52,0.024,0.784,0.832,0.88,0,0,1.699,10.1008,0,0,4719,0,0,1,1,0,47,0,0
1171,柏妮思,普攻,1171_SNA_1,第1段特殊普攻,普通攻击：炽焰搅拌式,0,1.254,0.114,2.508,2.736,2.964,0.965,0.044,1.449,1.537,1.625,0,0,1.578,18.7678,0,0,9598,0,0,1,1,0,90,0,0
1171,柏妮思,普攻,1171_SNA_2,第2段特殊普攻,普通攻击：炽焰搅拌式,0,2.328,0.212,4.66,5.084,5.508,1.791,0.082,2.693,2.857,3.021,0,0,2.931,34.8392,0,0,17111,0,0,1,1,0,68,0,0
1171,柏妮思,特殊技,1171_E,特殊技,特殊技：灼热熟成法,0,0.578,0.053,1.161,1.267,1.373,0.578,0.027,0.875,0.929,0.983,0,0,0,11.2564,0,0,5251,1,1,1,1,0,69,0,0
1171,柏妮思,特殊技,1171_E_FC,特殊技（满）,特殊技：灼热熟成法,0,0.624,0.057,1.251,1.365,1.479,0.624,0.029,0.943,1.001,1.059,0,0,0,12.1338,0,0,5668,1,1,1,1,0,82,0,0
1171,柏妮思,强化特殊技,1171_E_EX_1,第1段强化特殊技,强化特殊技：灼热摇荡法,0,5.438,0.495,10.883,11.873,12.863,3.786,0.173,5.689,6.035,6.381,0,40,0,106.4222,0,0,41110,1,2,1,1,0,120,0,0
1171,柏妮思,强化特殊技,1171_E_EX_2,第2段强化特殊技,强化特殊技：灼热摇荡法,0,0.967,0.088,1.935,2.111,2.287,0.657,0.03,0.987,1.047,1.107,0,5,0,18.6822,0,0,7155,1,2,1,1,0,54,0,0
1171,柏妮思,强化特殊技,1171_E_EX_A_1,强化E形态A第1段,强化特殊技：灼热摇荡法·双份,0,9.581,0.871,19.162,20.904,22.646,5.857,0.267,8.794,9.328,9.862,0,0,0,143.166,0,0,53024,1,2,1,1,0,120,0,0
1171,柏妮思,强化特殊技,1171_E_EX_A_2,强化E形态A第2段,强化特殊技：灼热摇荡法·双份,0,2.871,0.261,5.742,6.264,6.786,2.078,0.095,3.123,3.313,3.503,0,0,0,46.973,0,0,18365,1,2,1,1,0,86,0,0
1171,柏妮思,冲刺攻击,1171_RA,冲刺攻击,冲刺攻击：危险发酵式,0,0.679,0.062,1.361,1.485,1.609,0.34,0.016,0.516,0.548,0.58,0,0,1.11,6.6126,0,0,3083,2,3,1,1,0,39,0,0
1171,柏妮思,闪避反击,1171_CA,闪避反击,闪避反击：摇荡闪,0,2.197,0.2,4.397,4.797,5.197,1.944,0.089,2.923,3.101,3.279,0,0,1.38,16.4138,0,0,7666,2,4,1,0.8,0,58,0,0
1171,柏妮思,连携技,1171_QTE,连携技,连携技：燃油熔焰,0,6.809,0.619,13.618,14.856,16.094,2.42,0.11,3.63,3.85,4.07,0,0,0,189.39,0,0,100296,3,5,1,1,0,106,0,0
1171,柏妮思,终结技,1171_Q,终结技,终结技：纵享盛焰,0,20.122,1.83,40.252,43.912,47.572,1.064,0.049,1.603,1.701,1.799,0,0,0,0,0,0,86116,3,6,1,1,0,90,0,0
1171,柏妮思,受击支援,1171_BH_Aid,受击支援,快速支援：提神特饮,0,0.844,0.077,1.691,1.845,1.999,0.844,0.039,1.273,1.351,1.429,0,0,1.38,16.4138,0,0,7666,5,7,1,1,0,0,0,0
1171,柏妮思,招架/回避支援,1171_LightD_Aid,轻招架,招架支援：烟熏油盅,0,0,0,0,0,0,2.713,0.124,4.077,4.325,4.573,0,0,0,14.2738,0,0,0,5,8,0,1,0,0,0,0
1171,柏妮思,招架/回避支援,1171_HeavyD_Aid,重招架,招架支援：烟熏油盅,0,0,0,0,0,0,3.428,0.156,5.144,5.456,5.768,0,0,0,24.9738,0,0,0,5,8,0,1,0,0,0,0
1171,柏妮思,招架/回避支援,1171_ChainD_Aid,连续招架,招架支援：烟熏油盅,0,0,0,0,0,0,1.668,0.076,2.504,2.656,2.808,0,0,0,24.9738,0,0,0,5,8,0,1,0,0,0,0
1171,柏妮思,突击支援,1171_Assault_Aid,突击支援,支援突击：灼焰甘露,0,3.276,0.298,6.554,7.15,7.746,2.824,0.129,4.243,4.501,4.759,0,0,0,72.5246,0,0,27722,5,9,1,1,0,134,0,0
1171,柏妮思,突击支援,1171_Core_Passive,核心被动,核心被动：燃油特调,0,1.75,0.2916666666666667,3.5,3.5,3.5,0,0,0,0,0,0,0,0,0,0,0,6000,5,9,1,1,0,0,0,0
1221,柳,普攻,1221_NA_1,上弦-第1段,架势：上弦,0,0.604,0.055,1.209,1.319,1.429,0.309,0.015,0.474,0.504,0.534,0,0,1.009,6.0134,0,0,0,0,0,0,0,0,21,1,0
1221,柳,普攻,1221_NA_2,上弦-第2段,架势：上弦,0,1.065,0.097,2.132,2.326,2.52,0.756,0.035,1.141,1.211,1.281,0,0,2.474,14.7232,0,0,0,0,0,0,0,0,40,3,0
1221,柳,普攻,1221_NA_3,上弦-第3段,架势：上弦,0,1.208,0.11,2.418,2.638,2.858,0.771,0.036,1.167,1.239,1.311,0,0,2.522,15.0014,0,0,8879,0,0,2,1,0,42,2,0
1221,柳,普攻,1221_NA_4,上弦-第4段,架势：上弦,0,1.352,0.123,2.705,2.951,3.197,0.863,0.04,1.303,1.383,1.463,0,0,2.822,16.7776,0,0,9935,0,0,2,1,0,49,5,0
1221,柳,普攻,1221_NA_5,上弦-第5段,架势：上弦,0,2.53,0.23,5.06,5.52,5.98,1.614,0.074,2.428,2.576,2.724,0,0,5.28,31.3938,0,0,18595,0,0,2,1,0,98,7,0
1221,柳,普攻,1221_NA_Switch,普攻状态切换,架势切换,0,0,0,0,0,0,0,0,0,0,0,0,0,0,0,0,0,0,0,0,0,0,0,0,0,0
1221,柳,普攻,1221_SNA_1,下弦-第1段,架势：下弦,0,1.208,0.11,2.418,2.638,2.858,0.617,0.029,0.936,0.994,1.052,0,0,2.017,12.0054,0,0,0,0,0,0,0,0,46,3,0
1221,柳,普攻,1221_SNA_2,下弦-第2段,架势：下弦,0,1.38,0.126,2.766,3.018,3.27,1.035,0.048,1.563,1.659,1.755,0,0,3.385,20.1374,0,0,0,0,0,0,0,0,46,2,0
1221,柳,普攻,1221_SNA_3,下弦-第3段,架势：下弦,0,0.777,0.071,1.558,1.7,1.842,0.496,0.023,0.749,0.795,0.841,0,0,1.622,9.6514,0,0,5709,0,0,2,1,0,35,3,0
1221,柳,普攻,1221_SNA_4,下弦-第4段,架势：下弦,0,1.15,0.105,2.305,2.515,2.725,0.734,0.034,1.108,1.176,1.244,0,0,2.401,14.2738,0,0,8452,0,0,2,1,0,34,1,0
1221,柳,普攻,1221_SNA_5,下弦-第5段,架势：下弦,0,2.903,0.264,5.807,6.335,6.863,1.852,0.085,2.787,2.957,3.127,0,0,6.059,36.0376,0,0,21338,0,0,2,1,0,104,8,0
1221,柳,特殊技,1221_E,特殊技,特殊技：流转,0,1.174,0.107,2.351,2.565,2.779,1.174,0.054,1.768,1.876,1.984,0,0,0,0,0,0,10666,1,1,2,1,0,66,2,0
1221,柳,特殊技,1221_E_A,特殊技形态A,特殊技：快速流转,0,1.174,0.107,2.351,2.565,2.779,1.174,0.054,1.768,1.876,1.984,0,0,0,0,0,0,10666,1,1,2,1,0,56,2,0
1221,柳,强化特殊技,1221_E_EX,强化特殊技,强化特殊技：月华流转,0,1.638,0.121909091,2.979,3.222818182,3.466636364,1.412,0.053181818,1.997,2.103363636,2.209727273,40,40,0,36.273,0,0,15944,1,2,2,1,0,118,7,0
1221,柳,冲刺攻击,1221_RA,冲刺攻击,冲刺攻击：飞掠,0,0.504,0.046,1.01,1.102,1.194,0.504,0.023,0.757,0.803,0.849,0,0,1.65,9.8226,0,0,0,2,3,0,0,0,55,4,0
1221,柳,闪避反击,1221_CA,闪避反击,闪避反击：疾反,0,2.316,0.211,4.637,5.059,5.481,2.036,0.093,3.059,3.245,3.431,0,0,3.062,18.2114,0,0,8503,2,4,2,1,0,51,3,0
1221,柳,连携技,1221_QTE,连携技,连携技：星月相随,0,5.931,0.54,11.871,12.951,14.031,1.981,0.091,2.982,3.164,3.346,0,0,0,185.1314,0,0,39953,3,5,2,1,0,66,10,0
1221,柳,终结技,1221_Q,终结技,终结技：雷影天华,0,15.118,1.375,30.243,32.993,35.743,1.195,0.055,1.8,1.91,2.02,0,0,0,0,0,0,100487,3,6,2,1,0,0,0,0
1221,柳,受击支援,1221_BH_Aid,受击支援,快速支援：风华斩,0,0.936,0.086,1.882,2.054,2.226,0.936,0.043,1.409,1.495,1.581,0,0,3.062,18.2114,0,0,8503,5,7,2,1,0,0,0,0
1221,柳,招架/回避支援,1221_LightD_Aid,轻招架,招架支援：流光反,0,0,0,0,0,0,2.713,0.124,4.077,4.325,4.573,0,0,0,0,0,0,0,5,8,0,0,0,0,0,0
1221,柳,招架/回避支援,1221_HeavyD_Aid,重招架,招架支援：流光反,0,0,0,0,0,0,3.428,0.156,5.144,5.456,5.768,0,0,0,0,0,0,0,5,8,0,0,0,0,0,0
1221,柳,招架/回避支援,1221_ChainD_Aid,连续招架,招架支援：流光反,0,0,0,0,0,0,1.668,0.076,2.504,2.656,2.808,0,0,0,0,0,0,0,5,8,0,0,0,0,0,0
1221,柳,突击支援,1221_Assault_Aid,突击支援,支援突击：飞絮刺,0,4.071,0.371,8.152,8.894,9.636,3.562,0.162,5.344,5.668,5.992,0,0,0,89.1096,0,0,34692,5,9,2,1,0,0,0,0
