weapon_ID,level,base_ATK,HP%,ATK%,DEF%,IMP%,oHP%,oATK%,oDEF%,oIMP%,Crit_Rate,Crit_DMG,Regen%,Regen,pen%,Get_ratio,Anomaly_Mastery,Anomaly_Proficiency,ICE_DMG_bonus,FIRE_DMG_bonus,ELECTRIC_DMG_bonus,PHY_DMG_bonus,ETHER_DMG_bonus
「月相」-望,1,475.84,0.0,0.2,0.0,0.0,0,0,0,0,0.0,0.0,0,0.0,0.0,0,0,0.0,0.0,0.0,0.0,0,0
「月相」-望,2,475.84,0.0,0.2,0.0,0.0,0,0,0,0,0.0,0.0,0,0.0,0.0,0,0,0.0,0.0,0.0,0.0,0,0
「月相」-望,3,475.84,0.0,0.2,0.0,0.0,0,0,0,0,0.0,0.0,0,0.0,0.0,0,0,0.0,0.0,0.0,0.0,0,0
「月相」-望,4,475.84,0.0,0.2,0.0,0.0,0,0,0,0,0.0,0.0,0,0.0,0.0,0,0,0.0,0.0,0.0,0.0,0,0
「月相」-望,5,475.84,0.0,0.2,0.0,0.0,0,0,0,0,0.0,0.0,0,0.0,0.0,0,0,0.0,0.0,0.0,0.0,0,0
「月相」-晦,1,475.84,0.0,0.2,0.0,0.0,0,0,0,0,0.0,0.0,0,0.0,0.0,0,0,0.0,0.0,0.0,0.0,0,0
「月相」-晦,2,475.84,0.0,0.2,0.0,0.0,0,0,0,0,0.0,0.0,0,0.0,0.0,0,0,0.0,0.0,0.0,0.0,0,0
「月相」-晦,3,475.84,0.0,0.2,0.0,0.0,0,0,0,0,0.0,0.0,0,0.0,0.0,0,0,0.0,0.0,0.0,0.0,0,0
「月相」-晦,4,475.84,0.0,0.2,0.0,0.0,0,0,0,0,0.0,0.0,0,0.0,0.0,0,0,0.0,0.0,0.0,0.0,0,0
「月相」-晦,5,475.84,0.0,0.2,0.0,0.0,0,0,0,0,0.0,0.0,0,0.0,0.0,0,0,0.0,0.0,0.0,0.0,0,0
「月相」-朔,1,475.84,0.0,0.0,0.0,0.0,0,0,0,0,0.16,0.0,32,0.0,0.0,0,0,0.0,0.0,0.0,0.0,0,0
「月相」-朔,2,475.84,0.0,0.0,0.0,0.0,0,0,0,0,0.16,0.0,32,0.0,0.0,0,0,0.0,0.0,0.0,0.0,0,0
「月相」-朔,3,475.84,0.0,0.0,0.0,0.0,0,0,0,0,0.16,0.0,32,0.0,0.0,0,0,0.0,0.0,0.0,0.0,0,0
「月相」-朔,4,475.84,0.0,0.0,0.0,0.0,0,0,0,0,0.16,0.0,32,0.0,0.0,0,0,0.0,0.0,0.0,0.0,0,0
「月相」-朔,5,475.84,0.0,0.0,0.0,0.0,0,0,0,0,0.16,0.0,32,0.0,0.0,0,0,0.0,0.0,0.0,0.0,0,0
「残响」-Ⅰ型,1,475.84,0.0,0.2,0.0,0.0,0,0,0,0,0.0,0.0,0,0.0,0.0,0,0,0.0,0.0,0.0,0.0,0,0
「残响」-Ⅰ型,2,475.84,0.0,0.2,0.0,0.0,0,0,0,0,0.0,0.0,0,0.0,0.0,0,0,0.0,0.0,0.0,0.0,0,0
「残响」-Ⅰ型,3,475.84,0.0,0.2,0.0,0.0,0,0,0,0,0.0,0.0,0,0.0,0.0,0,0,0.0,0.0,0.0,0.0,0,0
「残响」-Ⅰ型,4,475.84,0.0,0.2,0.0,0.0,0,0,0,0,0.0,0.0,0,0.0,0.0,0,0,0.0,0.0,0.0,0.0,0,0
「残响」-Ⅰ型,5,475.84,0.0,0.2,0.0,0.0,0,0,0,0,0.0,0.0,0,0.0,0.0,0,0,0.0,0.0,0.0,0.0,0,0
「残响」-Ⅱ型,1,475.84,0.0,0.0,0.0,0.0,0,0,0,0,0.0,0.0,0,0.4,0.0,0,0,0.0,0.0,0.0,0.0,0,0
「残响」-Ⅱ型,2,475.84,0.0,0.0,0.0,0.0,0,0,0,0,0.0,0.0,0,0.4,0.0,0,0,0.0,0.0,0.0,0.0,0,0
「残响」-Ⅱ型,3,475.84,0.0,0.0,0.0,0.0,0,0,0,0,0.0,0.0,0,0.4,0.0,0,0,0.0,0.0,0.0,0.0,0,0
「残响」-Ⅱ型,4,475.84,0.0,0.0,0.0,0.0,0,0,0,0,0.0,0.0,0,0.4,0.0,0,0,0.0,0.0,0.0,0.0,0,0
「残响」-Ⅱ型,5,475.84,0.0,0.0,0.0,0.0,0,0,0,0,0.0,0.0,0,0.4,0.0,0,0,0.0,0.0,0.0,0.0,0,0
「残响」-Ⅲ型,1,475.84,0.0,0.0,0.0,0.0,0,0,0,0,0.0,0.0,0,0.0,0.0,0,0,0.0,0.0,0.0,0.0,0,0
「残响」-Ⅲ型,2,475.84,0.0,0.0,0.0,0.0,0,0,0,0,0.0,0.0,0,0.0,0.0,0,0,0.0,0.0,0.0,0.0,0,0
「残响」-Ⅲ型,3,475.84,0.0,0.0,0.0,0.0,0,0,0,0,0.0,0.0,0,0.0,0.0,0,0,0.0,0.0,0.0,0.0,0,0
「残响」-Ⅲ型,4,475.84,0.0,0.0,0.0,0.0,0,0,0,0,0.0,0.0,0,0.0,0.0,0,0,0.0,0.0,0.0,0.0,0,0
「残响」-Ⅲ型,5,475.84,0.0,0.0,0.0,0.0,0,0,0,0,0.0,0.0,0,0.0,0.0,0,0,0.0,0.0,0.0,0.0,0,0
「湍流」-铳型,1,475.84,0.0,0.2,0.0,0.0,0,0,0,0,0.0,0.0,0,0.0,0.0,0,0,0.0,0.0,0.0,0.0,0,0
「湍流」-铳型,2,475.84,0.0,0.2,0.0,0.0,0,0,0,0,0.0,0.0,0,0.0,0.0,0,0,0.0,0.0,0.0,0.0,0,0
「湍流」-铳型,3,475.84,0.0,0.2,0.0,0.0,0,0,0,0,0.0,0.0,0,0.0,0.0,0,0,0.0,0.0,0.0,0.0,0,0
「湍流」-铳型,4,475.84,0.0,0.2,0.0,0.0,0,0,0,0,0.0,0.0,0,0.0,0.0,0,0,0.0,0.0,0.0,0.0,0,0
「湍流」-铳型,5,475.84,0.0,0.2,0.0,0.0,0,0,0,0,0.0,0.0,0,0.0,0.0,0,0,0.0,0.0,0.0,0.0,0,0
「湍流」-矢型,1,475.84,0.0,0.0,0.0,0.12,0,0,0,0,0.0,0.0,0,0.0,0.0,0,0,0.0,0.0,0.0,0.0,0,0
「湍流」-矢型,2,475.84,0.0,0.0,0.0,0.12,0,0,0,0,0.0,0.0,0,0.0,0.0,0,0,0.0,0.0,0.0,0.0,0,0
「湍流」-矢型,3,475.84,0.0,0.0,0.0,0.12,0,0,0,0,0.0,0.0,0,0.0,0.0,0,0,0.0,0.0,0.0,0.0,0,0
「湍流」-矢型,4,475.84,0.0,0.0,0.0,0.12,0,0,0,0,0.0,0.0,0,0.0,0.0,0,0,0.0,0.0,0.0,0.0,0,0
「湍流」-矢型,5,475.84,0.0,0.0,0.0,0.12,0,0,0,0,0.0,0.0,0,0.0,0.0,0,0,0.0,0.0,0.0,0.0,0,0
「湍流」-斧型,1,475.84,0.0,0.0,0.0,0.0,0,0,0,0,0.0,0.0,0,0.4,0.0,0,0,0.0,0.0,0.0,0.0,0,0
「湍流」-斧型,2,475.84,0.0,0.0,0.0,0.0,0,0,0,0,0.0,0.0,0,0.4,0.0,0,0,0.0,0.0,0.0,0.0,0,0
「湍流」-斧型,3,475.84,0.0,0.0,0.0,0.0,0,0,0,0,0.0,0.0,0,0.4,0.0,0,0,0.0,0.0,0.0,0.0,0,0
「湍流」-斧型,4,475.84,0.0,0.0,0.0,0.0,0,0,0,0,0.0,0.0,0,0.4,0.0,0,0,0.0,0.0,0.0,0.0,0,0
「湍流」-斧型,5,475.84,0.0,0.0,0.0,0.0,0,0,0,0,0.0,0.0,0,0.4,0.0,0,0,0.0,0.0,0.0,0.0,0,0
「电磁暴」-壹式,1,475.84,0.0,0.2,0.0,0.0,0,0,0,0,0.0,0.0,0,0.0,0.0,0,40,0.0,0.0,0.0,0.0,0,0
「电磁暴」-壹式,2,475.84,0.0,0.2,0.0,0.0,0,0,0,0,0.0,0.0,0,0.0,0.0,0,0,0.0,0.0,0.0,0.0,0,0
「电磁暴」-壹式,3,475.84,0.0,0.2,0.0,0.0,0,0,0,0,0.0,0.0,0,0.0,0.0,0,0,0.0,0.0,0.0,0.0,0,0
「电磁暴」-壹式,4,475.84,0.0,0.2,0.0,0.0,0,0,0,0,0.0,0.0,0,0.0,0.0,0,0,0.0,0.0,0.0,0.0,0,0
「电磁暴」-壹式,5,475.84,0.0,0.2,0.0,0.0,0,0,0,0,0.0,0.0,0,0.0,0.0,0,0,0.0,0.0,0.0,0.0,0,0
「电磁暴」-贰式,1,475.84,0.0,0.0,0.0,0.0,0,0,0,0,0.0,0.0,0,0.0,0.0,100,0,0.0,0.0,0.0,0.0,0,0
「电磁暴」-贰式,2,475.84,0.0,0.0,0.0,0.0,0,0,0,0,0.0,0.0,0,0.0,0.0,100,0,0.0,0.0,0.0,0.0,0,0
「电磁暴」-贰式,3,475.84,0.0,0.0,0.0,0.0,0,0,0,0,0.0,0.0,0,0.0,0.0,100,0,0.0,0.0,0.0,0.0,0,0
「电磁暴」-贰式,4,475.84,0.0,0.0,0.0,0.0,0,0,0,0,0.0,0.0,0,0.0,0.0,100,0,0.0,0.0,0.0,0.0,0,0
「电磁暴」-贰式,5,475.84,0.0,0.0,0.0,0.0,0,0,0,0,0.0,0.0,0,0.0,0.0,100,0,0.0,0.0,0.0,0.0,0,0
「电磁暴」-叁式,1,475.84,0.0,0.0,0.0,0.0,0,0,0,0,0.0,0.0,0,0.0,0.16,0,0,0.0,0.0,0.0,0.0,0,0
「电磁暴」-叁式,2,475.84,0.0,0.0,0.0,0.0,0,0,0,0,0.0,0.0,0,0.0,0.16,0,0,0.0,0.0,0.0,0.0,0,0
「电磁暴」-叁式,3,475.84,0.0,0.0,0.0,0.0,0,0,0,0,0.0,0.0,0,0.0,0.16,0,0,0.0,0.0,0.0,0.0,0,0
「电磁暴」-叁式,4,475.84,0.0,0.0,0.0,0.0,0,0,0,0,0.0,0.0,0,0.0,0.16,0,0,0.0,0.0,0.0,0.0,0,0
「电磁暴」-叁式,5,475.84,0.0,0.0,0.0,0.0,0,0,0,0,0.0,0.0,0,0.0,0.16,0,0,0.0,0.0,0.0,0.0,0,0
「恒等式」-本格,1,475.84,0.0,0.0,0.32,0.0,0,0,0,0,0.0,0.0,0,0.0,0.0,0,0,0.0,0.0,0.0,0.0,0,0
「恒等式」-本格,2,475.84,0.0,0.0,0.32,0.0,0,0,0,0,0.0,0.0,0,0.0,0.0,0,0,0.0,0.0,0.0,0.0,0,0
「恒等式」-本格,3,475.84,0.0,0.0,0.32,0.0,0,0,0,0,0.0,0.0,0,0.0,0.0,0,0,0.0,0.0,0.0,0.0,0,0
「恒等式」-本格,4,475.84,0.0,0.0,0.32,0.0,0,0,0,0,0.0,0.0,0,0.0,0.0,0,0,0.0,0.0,0.0,0.0,0,0
「恒等式」-本格,5,475.84,0.0,0.0,0.32,0.0,0,0,0,0,0.0,0.0,0,0.0,0.0,0,0,0.0,0.0,0.0,0.0,0,0
「恒等式」-变格,1,475.84,0.0,0.0,0.32,0.0,0,0,0,0,0.0,0.0,0,0.0,0.0,0,0,0.0,0.0,0.0,0.0,0,0
「恒等式」-变格,2,475.84,0.0,0.0,0.32,0.0,0,0,0,0,0.0,0.0,0,0.0,0.0,0,0,0.0,0.0,0.0,0.0,0,0
「恒等式」-变格,3,475.84,0.0,0.0,0.32,0.0,0,0,0,0,0.0,0.0,0,0.0,0.0,0,0,0.0,0.0,0.0,0.0,0,0
「恒等式」-变格,4,475.84,0.0,0.0,0.32,0.0,0,0,0,0,0.0,0.0,0,0.0,0.0,0,0,0.0,0.0,0.0,0.0,0,0
「恒等式」-变格,5,475.84,0.0,0.0,0.32,0.0,0,0,0,0,0.0,0.0,0,0.0,0.0,0,0,0.0,0.0,0.0,0.0,0,0
街头巨星,1,594.8,0.0,0.25,0.0,0.0,0,0,0,0,0.0,0.0,0,0.0,0.0,0,0,0.0,0.0,0.0,0.0,0,0
街头巨星,2,594.8,0.0,0.25,0.0,0.0,0,0,0,0,0.0,0.0,0,0.0,0.0,0,0,0.0,0.0,0.0,0.0,0,0
街头巨星,3,594.8,0.0,0.25,0.0,0.0,0,0,0,0,0.0,0.0,0,0.0,0.0,0,0,0.0,0.0,0.0,0.0,0,0
街头巨星,4,594.8,0.0,0.25,0.0,0.0,0,0,0,0,0.0,0.0,0,0.0,0.0,0,0,0.0,0.0,0.0,0.0,0,0
街头巨星,5,594.8,0.0,0.25,0.0,0.0,0,0,0,0,0.0,0.0,0,0.0,0.0,0,0,0.0,0.0,0.0,0.0,0,0
时光切片,1,594.8,0.0,0.0,0.0,0.0,0,0,0,0,0.0,0.0,0,0.0,0.2,0,0,0.0,0.0,0.0,0.0,0,0
时光切片,2,594.8,0.0,0.0,0.0,0.0,0,0,0,0,0.0,0.0,0,0.0,0.2,0,0,0.0,0.0,0.0,0.0,0,0
时光切片,3,594.8,0.0,0.0,0.0,0.0,0,0,0,0,0.0,0.0,0,0.0,0.2,0,0,0.0,0.0,0.0,0.0,0,0
时光切片,4,594.8,0.0,0.0,0.0,0.0,0,0,0,0,0.0,0.0,0,0.0,0.2,0,0,0.0,0.0,0.0,0.0,0,0
时光切片,5,594.8,0.0,0.0,0.0,0.0,0,0,0,0,0.0,0.0,0,0.0,0.2,0,0,0.0,0.0,0.0,0.0,0,0
雨林饕客,1,594.8,0.0,0.0,0.0,0.0,0,0,0,0,0.0,0.0,0,0.0,0.0,75,0,0.0,0.0,0.0,0.0,0,0
雨林饕客,2,594.8,0.0,0.0,0.0,0.0,0,0,0,0,0.0,0.0,0,0.0,0.0,75,0,0.0,0.0,0.0,0.0,0,0
雨林饕客,3,594.8,0.0,0.0,0.0,0.0,0,0,0,0,0.0,0.0,0,0.0,0.0,75,0,0.0,0.0,0.0,0.0,0,0
雨林饕客,4,594.8,0.0,0.0,0.0,0.0,0,0,0,0,0.0,0.0,0,0.0,0.0,75,0,0.0,0.0,0.0,0.0,0,0
雨林饕客,5,594.8,0.0,0.0,0.0,0.0,0,0,0,0,0.0,0.0,0,0.0,0.0,75,0,0.0,0.0,0.0,0.0,0,0
星徽引擎,1,594.8,0.0,0.25,0.0,0.0,0,0,0,0,0.0,0.0,0,0.0,0.0,0,0,0.0,0.0,0.0,0.0,0,0
星徽引擎,2,594.8,0.0,0.25,0.0,0.0,0,0,0,0,0.0,0.0,0,0.0,0.0,0,0,0.0,0.0,0.0,0.0,0,0
星徽引擎,3,594.8,0.0,0.25,0.0,0.0,0,0,0,0,0.0,0.0,0,0.0,0.0,0,0,0.0,0.0,0.0,0.0,0,0
星徽引擎,4,594.8,0.0,0.25,0.0,0.0,0,0,0,0,0.0,0.0,0,0.0,0.0,0,0,0.0,0.0,0.0,0.0,0,0
星徽引擎,5,594.8,0.0,0.25,0.0,0.0,0,0,0,0,0.0,0.0,0,0.0,0.0,0,0,0.0,0.0,0.0,0.0,0,0
人为刀俎,1,594.8,0.0,0.0,0.0,0.0,0,0,0,0,0.0,0.0,0,0.5,0.0,0,0,0.0,0.0,0.0,0.0,0,0
人为刀俎,2,594.8,0.0,0.0,0.0,0.0,0,0,0,0,0.0,0.0,0,0.5,0.0,0,0,0.0,0.0,0.0,0.0,0,0
人为刀俎,3,594.8,0.0,0.0,0.0,0.0,0,0,0,0,0.0,0.0,0,0.5,0.0,0,0,0.0,0.0,0.0,0.0,0,0
人为刀俎,4,594.8,0.0,0.0,0.0,0.0,0,0,0,0,0.0,0.0,0,0.5,0.0,0,0,0.0,0.0,0.0,0.0,0,0
人为刀俎,5,594.8,0.0,0.0,0.0,0.0,0,0,0,0,0.0,0.0,0,0.5,0.0,0,0,0.0,0.0,0.0,0.0,0,0
贵重骨核,1,594.8,0.0,0.0,0.0,0.15,0,0,0,0,0.0,0.0,0,0.0,0.0,0,0,0.0,0.0,0.0,0.0,0,0
贵重骨核,2,594.8,0.0,0.0,0.0,0.15,0,0,0,0,0.0,0.0,0,0.0,0.0,0,0,0.0,0.0,0.0,0.0,0,0
贵重骨核,3,594.8,0.0,0.0,0.0,0.15,0,0,0,0,0.0,0.0,0,0.0,0.0,0,0,0.0,0.0,0.0,0.0,0,0
贵重骨核,4,594.8,0.0,0.0,0.0,0.15,0,0,0,0,0.0,0.0,0,0.0,0.0,0,0,0.0,0.0,0.0,0.0,0,0
贵重骨核,5,594.8,0.0,0.0,0.0,0.15,0,0,0,0,0.0,0.0,0,0.0,0.0,0,0,0.0,0.0,0.0,0.0,0,0
正版变身器,1,594.8,0.33,0.0,0.0,0.0,0,0,0,0,0.0,0.0,0,0.0,0.0,0,0,0.0,0.0,0.0,0.0,0,0
正版变身器,2,594.8,0.34,0.0,0.0,0.0,0,0,0,0,0.0,0.0,0,0.0,0.0,0,0,0.0,0.0,0.0,0.0,0,0
正版变身器,3,594.8,0.35,0.0,0.0,0.0,0,0,0,0,0.0,0.0,0,0.0,0.0,0,0,0.0,0.0,0.0,0.0,0,0
正版变身器,4,594.8,0.36,0.0,0.0,0.0,0,0,0,0,0.0,0.0,0,0.0,0.0,0,0,0.0,0.0,0.0,0.0,0,0
正版变身器,5,594.8,0.375,0.0,0.0,0.0,0,0,0,0,0.0,0.0,0,0.0,0.0,0,0,0.0,0.0,0.0,0.0,0,0
双生泣星,1,594.8,0.0,0.25,0.0,0.0,0,0,0,0,0.0,0.0,0,0.0,0.0,0,0,0.0,0.0,0.0,0.0,0,0
双生泣星,2,594.8,0.0,0.25,0.0,0.0,0,0,0,0,0.0,0.0,0,0.0,0.0,0,0,0.0,0.0,0.0,0.0,0,0
双生泣星,3,594.8,0.0,0.25,0.0,0.0,0,0,0,0,0.0,0.0,0,0.0,0.0,0,0,0.0,0.0,0.0,0.0,0,0
双生泣星,4,594.8,0.0,0.25,0.0,0.0,0,0,0,0,0.0,0.0,0,0.0,0.0,0,0,0.0,0.0,0.0,0.0,0,0
双生泣星,5,594.8,0.0,0.25,0.0,0.0,0,0,0,0,0.0,0.0,0,0.0,0.0,0,0,0.0,0.0,0.0,0.0,0,0
触电唇彩,1,594.8,0.0,0.1,0.0,0.0,0,0,0,0,0.0,0.0,0,0.0,0.0,75,0,0.0,0.0,0.0,0.0,0,0
触电唇彩,2,594.8,0.0,0.115,0.0,0.0,0,0,0,0,0.0,0.0,0,0.0,0.0,75,0,0.0,0.0,0.0,0.0,0,0
触电唇彩,3,594.8,0.0,0.13,0.0,0.0,0,0,0,0,0.0,0.0,0,0.0,0.0,75,0,0.0,0.0,0.0,0.0,0,0
触电唇彩,4,594.8,0.0,0.145,0.0,0.0,0,0,0,0,0.0,0.0,0,0.0,0.0,75,0,0.0,0.0,0.0,0.0,0,0
触电唇彩,5,594.8,0.0,0.16,0.0,0.0,0,0,0,0,0.0,0.0,0,0.0,0.0,75,0,0.0,0.0,0.0,0.0,0,0
兔能环,1,594.8,0.08,0.0,0.4,0.0,0,0,0,0,0.0,0.0,0,0.0,0.0,0,0,0.0,0.0,0.0,0.0,0,0
兔能环,2,594.8,0.092,0.0,0.4,0.0,0,0,0,0,0.0,0.0,0,0.0,0.0,0,0,0.0,0.0,0.0,0.0,0,0
兔能环,3,594.8,0.104,0.0,0.4,0.0,0,0,0,0,0.0,0.0,0,0.0,0.0,0,0,0.0,0.0,0.0,0.0,0,0
兔能环,4,594.8,0.116,0.0,0.4,0.0,0,0,0,0,0.0,0.0,0,0.0,0.0,0,0,0.0,0.0,0.0,0.0,0,0
兔能环,5,594.8,0.128,0.0,0.4,0.0,0,0,0,0,0.0,0.0,0,0.0,0.0,0,0,0.0,0.0,0.0,0.0,0,0
春日融融,1,594.8,0.0,0.25,0.0,0.0,0,0,0,0,0.0,0.0,0,0.0,0.0,0,0,0.0,0.0,0.0,0.0,0,0
春日融融,2,594.8,0.0,0.25,0.0,0.0,0,0,0,0,0.0,0.0,0,0.0,0.0,0,0,0.0,0.0,0.0,0.0,0,0
春日融融,3,594.8,0.0,0.25,0.0,0.0,0,0,0,0,0.0,0.0,0,0.0,0.0,0,0,0.0,0.0,0.0,0.0,0,0
春日融融,4,594.8,0.0,0.25,0.0,0.0,0,0,0,0,0.0,0.0,0,0.0,0.0,0,0,0.0,0.0,0.0,0.0,0,0
春日融融,5,594.8,0.0,0.25,0.0,0.0,0,0,0,0,0.0,0.0,0,0.0,0.0,0,0,0.0,0.0,0.0,0.0,0,0
鸢尾秘藏,1,594.8,0.0,0.25,0.0,0.0,0,0,0,0,0.0,0.0,0,0.0,0.0,0,0,0.0,0.0,0.0,0.0,0,0
鸢尾秘藏,2,594.8,0.0,0.25,0.0,0.0,0,0,0,0,0.0,0.0,0,0.0,0.0,0,0,0.0,0.0,0.0,0.0,0,0
鸢尾秘藏,3,594.8,0.0,0.25,0.0,0.0,0,0,0,0,0.0,0.0,0,0.0,0.0,0,0,0.0,0.0,0.0,0.0,0,0
鸢尾秘藏,4,594.8,0.0,0.25,0.0,0.0,0,0,0,0,0.0,0.0,0,0.0,0.0,0,0,0.0,0.0,0.0,0.0,0,0
鸢尾秘藏,5,594.8,0.0,0.25,0.0,0.0,0,0,0,0,0.0,0.0,0,0.0,0.0,0,0,0.0,0.0,0.0,0.0,0,0
德马拉电池II型,1,624.54,0.0,0.0,0.0,0.15,0,0,0,0,0.0,0.0,0,0.0,0.0,0,0,0.0,0.0,0.15,0.0,0,0
德马拉电池II型,2,624.54,0.0,0.0,0.0,0.15,0,0,0,0,0.0,0.0,0,0.0,0.0,0,0,0.0,0.0,0.175,0.0,0,0
德马拉电池II型,3,624.54,0.0,0.0,0.0,0.15,0,0,0,0,0.0,0.0,0,0.0,0.0,0,0,0.0,0.0,0.2,0.0,0,0
德马拉电池II型,4,624.54,0.0,0.0,0.0,0.15,0,0,0,0,0.0,0.0,0,0.0,0.0,0,0,0.0,0.0,0.22,0.0,0,0
德马拉电池II型,5,624.54,0.0,0.0,0.0,0.15,0,0,0,0,0.0,0.0,0,0.0,0.0,0,0,0.0,0.0,0.24,0.0,0,0
聚宝箱,1,624.54,0.0,0.0,0.0,0.0,0,0,0,0,0.0,0.0,0,0.5,0.0,0,0,0.0,0.0,0.0,0.0,0,0
聚宝箱,2,624.54,0.0,0.0,0.0,0.0,0,0,0,0,0.0,0.0,0,0.5,0.0,0,0,0.0,0.0,0.0,0.0,0,0
聚宝箱,3,624.54,0.0,0.0,0.0,0.0,0,0,0,0,0.0,0.0,0,0.5,0.0,0,0,0.0,0.0,0.0,0.0,0,0
聚宝箱,4,624.54,0.0,0.0,0.0,0.0,0,0,0,0,0.0,0.0,0,0.5,0.0,0,0,0.0,0.0,0.0,0.0,0,0
聚宝箱,5,624.54,0.0,0.0,0.0,0.0,0,0,0,0,0.0,0.0,0,0.5,0.0,0,0,0.0,0.0,0.0,0.0,0,0
家政员,1,624.54,0.0,0.25,0.0,0.0,0,0,0,0,0.0,0.0,0,0.0,0.0,0,0,0.0,0.0,0.0,0.0,0,0
家政员,2,624.54,0.0,0.25,0.0,0.0,0,0,0,0,0.0,0.0,0,0.0,0.0,0,0,0.0,0.0,0.0,0.0,0,0
家政员,3,624.54,0.0,0.25,0.0,0.0,0,0,0,0,0.0,0.0,0,0.0,0.0,0,0,0.0,0.0,0.0,0.0,0,0
家政员,4,624.54,0.0,0.25,0.0,0.0,0,0,0,0,0.0,0.0,0,0.0,0.0,0,0,0.0,0.0,0.0,0.0,0,0
家政员,5,624.54,0.0,0.25,0.0,0.0,0,0,0,0,0.0,0.0,0,0.0,0.0,0,0,0.0,0.0,0.0,0.0,0,0
仿制星徽引擎,1,624.54,0.0,0.25,0.0,0.0,0,0,0,0,0.0,0.0,0,0.0,0.0,0,0,0.0,0.0,0.0,0.0,0,0
仿制星徽引擎,2,624.54,0.0,0.25,0.0,0.0,0,0,0,0,0.0,0.0,0,0.0,0.0,0,0,0.0,0.0,0.0,0.0,0,0
仿制星徽引擎,3,624.54,0.0,0.25,0.0,0.0,0,0,0,0,0.0,0.0,0,0.0,0.0,0,0,0.0,0.0,0.0,0.0,0,0
仿制星徽引擎,4,624.54,0.0,0.25,0.0,0.0,0,0,0,0,0.0,0.0,0,0.0,0.0,0,0,0.0,0.0,0.0,0.0,0,0
仿制星徽引擎,5,624.54,0.0,0.25,0.0,0.0,0,0,0,0,0.0,0.0,0,0.0,0.0,0,0,0.0,0.0,0.0,0.0,0,0
旋钻机-赤轴,1,624.54,0.0,0.0,0.0,0.0,0,0,0,0,0.0,0.0,0,0.5,0.0,0,0,0.0,0.0,0.0,0.0,0,0
旋钻机-赤轴,2,624.54,0.0,0.0,0.0,0.0,0,0,0,0,0.0,0.0,0,0.5,0.0,0,0,0.0,0.0,0.0,0.0,0,0
旋钻机-赤轴,3,624.54,0.0,0.0,0.0,0.0,0,0,0,0,0.0,0.0,0,0.5,0.0,0,0,0.0,0.0,0.0,0.0,0,0
旋钻机-赤轴,4,624.54,0.0,0.0,0.0,0.0,0,0,0,0,0.0,0.0,0,0.5,0.0,0,0,0.0,0.0,0.0,0.0,0,0
旋钻机-赤轴,5,624.54,0.0,0.0,0.0,0.0,0,0,0,0,0.0,0.0,0,0.5,0.0,0,0,0.0,0.0,0.0,0.0,0,0
比格气缸,1,624.54,0.0,0.0,0.4,0.0,0,0,0,0,0.0,0.0,0,0.0,0.0,0,0,0.0,0.0,0.0,0.0,0,0
比格气缸,2,624.54,0.0,0.0,0.4,0.0,0,0,0,0,0.0,0.0,0,0.0,0.0,0,0,0.0,0.0,0.0,0.0,0,0
比格气缸,3,624.54,0.0,0.0,0.4,0.0,0,0,0,0,0.0,0.0,0,0.0,0.0,0,0,0.0,0.0,0.0,0.0,0,0
比格气缸,4,624.54,0.0,0.0,0.4,0.0,0,0,0,0,0.0,0.0,0,0.0,0.0,0,0,0.0,0.0,0.0,0.0,0,0
比格气缸,5,624.54,0.0,0.0,0.4,0.0,0,0,0,0,0.0,0.0,0,0.0,0.0,0,0,0.0,0.0,0.0,0.0,0,0
含羞恶面,1,624.54,0.0,0.25,0.0,0.0,0,0,0,0,0.0,0.0,0,0.0,0.0,0,0,0.15,0.0,0.0,0.0,0,0
含羞恶面,2,624.54,0.0,0.25,0.0,0.0,0,0,0,0,0.0,0.0,0,0.0,0.0,0,0,0.175,0.0,0.0,0.0,0,0
含羞恶面,3,624.54,0.0,0.25,0.0,0.0,0,0,0,0,0.0,0.0,0,0.0,0.0,0,0,0.2,0.0,0.0,0.0,0,0
含羞恶面,4,624.54,0.0,0.25,0.0,0.0,0,0,0,0,0.0,0.0,0,0.0,0.0,0,0,0.22,0.0,0.0,0.0,0,0
含羞恶面,5,624.54,0.0,0.25,0.0,0.0,0,0,0,0,0.0,0.0,0,0.0,0.0,0,0,0.24,0.0,0.0,0.0,0,0
加农转子,1,594.8,0.0,0.0,0.0,0.0,0,0,0,0,0.2,0.0,40,0.0,0.0,0,0,0.0,0.0,0.0,0.0,0,0
加农转子,2,594.8,0.0,0.0,0.0,0.0,0,0,0,0,0.2,0.0,40,0.0,0.0,0,0,0.0,0.0,0.0,0.0,0,0
加农转子,3,594.8,0.0,0.0,0.0,0.0,0,0,0,0,0.2,0.0,40,0.0,0.0,0,0,0.0,0.0,0.0,0.0,0,0
加农转子,4,594.8,0.0,0.0,0.0,0.0,0,0,0,0,0.2,0.0,40,0.0,0.0,0,0,0.0,0.0,0.0,0.0,0,0
加农转子,5,594.8,0.0,0.0,0.0,0.0,0,0,0,0,0.2,0.0,40,0.0,0.0,0,0,0.0,0.0,0.0,0.0,0,0
逍遥游球,1,594.8,0.0,0.0,0.0,0.0,0,0,0,0,0.0,0.0,0,0.5,0.0,0,0,0.0,0.0,0.0,0.0,0,0
逍遥游球,2,594.8,0.0,0.0,0.0,0.0,0,0,0,0,0.0,0.0,0,0.5,0.0,0,0,0.0,0.0,0.0,0.0,0,0
逍遥游球,3,594.8,0.0,0.0,0.0,0.0,0,0,0,0,0.0,0.0,0,0.5,0.0,0,0,0.0,0.0,0.0,0.0,0,0
逍遥游球,4,594.8,0.0,0.0,0.0,0.0,0,0,0,0,0.0,0.0,0,0.5,0.0,0,0,0.0,0.0,0.0,0.0,0,0
逍遥游球,5,594.8,0.0,0.0,0.0,0.0,0,0,0,0,0.0,0.0,0,0.5,0.0,0,0,0.0,0.0,0.0,0.0,0,0
左轮转子,1,594.8,0.0,0.0,0.0,0.15,0,0,0,0,0.0,0.0,0,0.0,0.0,0,0,0.0,0.0,0.0,0.0,0,0
左轮转子,2,594.8,0.0,0.0,0.0,0.15,0,0,0,0,0.0,0.0,0,0.0,0.0,0,0,0.0,0.0,0.0,0.0,0,0
左轮转子,3,594.8,0.0,0.0,0.0,0.15,0,0,0,0,0.0,0.0,0,0.0,0.0,0,0,0.0,0.0,0.0,0.0,0,0
左轮转子,4,594.8,0.0,0.0,0.0,0.15,0,0,0,0,0.0,0.0,0,0.0,0.0,0,0,0.0,0.0,0.0,0.0,0,0
左轮转子,5,594.8,0.0,0.0,0.0,0.15,0,0,0,0,0.0,0.0,0,0.0,0.0,0,0,0.0,0.0,0.0,0.0,0,0
钢铁肉垫,1,684.02,0.0,0.0,0.0,0.0,0,0,0,0,0.24,0.0,48,0.0,0.0,0,0,0.0,0.0,0.0,0.2,0,0
钢铁肉垫,2,684.02,0.0,0.0,0.0,0.0,0,0,0,0,0.24,0.0,48,0.0,0.0,0,0,0.0,0.0,0.0,0.25,0,0
钢铁肉垫,3,684.02,0.0,0.0,0.0,0.0,0,0,0,0,0.24,0.0,48,0.0,0.0,0,0,0.0,0.0,0.0,0.3,0,0
钢铁肉垫,4,684.02,0.0,0.0,0.0,0.0,0,0,0,0,0.24,0.0,48,0.0,0.0,0,0,0.0,0.0,0.0,0.35,0,0
钢铁肉垫,5,684.02,0.0,0.0,0.0,0.0,0,0,0,0,0.24,0.0,48,0.0,0.0,0,0,0.0,0.0,0.0,0.4,0,0
硫磺石,1,684.02,0.0,0.3,0.0,0.0,0,0,0,0,0.0,0.0,0,0.0,0.0,0,0,0.0,0.2,0.0,0.0,0,0
硫磺石,2,684.02,0.0,0.3,0.0,0.0,0,0,0,0,0.0,0.0,0,0.0,0.0,0,0,0.0,0.25,0.0,0.0,0,0
硫磺石,3,684.02,0.0,0.3,0.0,0.0,0,0,0,0,0.0,0.0,0,0.0,0.0,0,0,0.0,0.3,0.0,0.0,0,0
硫磺石,4,684.02,0.0,0.3,0.0,0.0,0,0,0,0,0.0,0.0,0,0.0,0.0,0,0,0.0,0.35,0.0,0.0,0,0
硫磺石,5,684.02,0.0,0.3,0.0,0.0,0,0,0,0,0.0,0.0,0,0.0,0.0,0,0,0.0,0.4,0.0,0.0,0,0
燃狱齿轮,1,684.02,0.0,0.0,0.0,0.18,0,0,0,0,0.0,0.0,0,0.0,0.0,0,0,0.0,0.0,0.0,0.0,0,0
燃狱齿轮,2,684.02,0.0,0.0,0.0,0.18,0,0,0,0,0.0,0.0,0,0.0,0.0,0,0,0.0,0.0,0.0,0.0,0,0
燃狱齿轮,3,684.02,0.0,0.0,0.0,0.18,0,0,0,0,0.0,0.0,0,0.0,0.0,0,0,0.0,0.0,0.0,0.0,0,0
燃狱齿轮,4,684.02,0.0,0.0,0.0,0.18,0,0,0,0,0.0,0.0,0,0.0,0.0,0,0,0.0,0.0,0.0,0.0,0,0
燃狱齿轮,5,684.02,0.0,0.0,0.0,0.18,0,0,0,0,0.0,0.0,0,0.0,0.0,0,0,0.0,0.0,0.0,0.0,0,0
拘缚者,1,684.02,0.0,0.0,0.0,0.18,0,0,0,0,0.0,0.0,0,0.0,0.0,0,0,0.0,0.0,0.0,0.0,0,0
拘缚者,2,684.02,0.0,0.0,0.0,0.18,0,0,0,0,0.0,0.0,0,0.0,0.0,0,0,0.0,0.0,0.0,0.0,0,0
拘缚者,3,684.02,0.0,0.0,0.0,0.18,0,0,0,0,0.0,0.0,0,0.0,0.0,0,0,0.0,0.0,0.0,0.0,0,0
拘缚者,4,684.02,0.0,0.0,0.0,0.18,0,0,0,0,0.0,0.0,0,0.0,0.0,0,0,0.0,0.0,0.0,0.0,0,0
拘缚者,5,684.02,0.0,0.0,0.0,0.18,0,0,0,0,0.0,0.0,0,0.0,0.0,0,0,0.0,0.0,0.0,0.0,0,0
嵌合编译器,1,684.02,0.0,0.0,0.0,0.0,0,0,0,0,0.0,0.0,0,0.0,0.24,0,0,0.0,0.0,0.0,0.0,0,0
嵌合编译器,2,684.02,0.0,0.0,0.0,0.0,0,0,0,0,0.0,0.0,0,0.0,0.24,0,0,0.0,0.0,0.0,0.0,0,0
嵌合编译器,3,684.02,0.0,0.0,0.0,0.0,0,0,0,0,0.0,0.0,0,0.0,0.24,0,0,0.0,0.0,0.0,0.0,0,0
嵌合编译器,4,684.02,0.0,0.0,0.0,0.0,0,0,0,0,0.0,0.0,0,0.0,0.24,0,0,0.0,0.0,0.0,0.0,0,0
嵌合编译器,5,684.02,0.0,0.0,0.0,0.0,0,0,0,0,0.0,0.0,0,0.0,0.24,0,0,0.0,0.0,0.0,0.0,0,0
深海访客,1,713.76,0.0,0.0,0.0,0.0,0,0,0,0,0.24,0.0,0,0.0,0.0,0,0,0.0,0.0,0.0,0.0,0,0
深海访客,2,713.76,0.0,0.0,0.0,0.0,0,0,0,0,0.24,0.0,0,0.0,0.0,0,0,0.0,0.0,0.0,0.0,0,0
深海访客,3,713.76,0.0,0.0,0.0,0.0,0,0,0,0,0.24,0.0,0,0.0,0.0,0,0,0.0,0.0,0.0,0.0,0,0
深海访客,4,713.76,0.0,0.0,0.0,0.0,0,0,0,0,0.24,0.0,0,0.0,0.0,0,0,0.0,0.0,0.0,0.0,0,0
深海访客,5,713.76,0.0,0.0,0.0,0.0,0,0,0,0,0.24,0.0,0,0.0,0.0,0,0,0.0,0.0,0.0,0.0,0,0
啜泣摇篮,1,684.02,0.0,0.0,0.0,0.0,0,0,0,0,0.0,0.0,0,0.0,0.24,0,0,0.0,0.0,0.0,0.0,0,0
啜泣摇篮,2,684.02,0.0,0.0,0.0,0.0,0,0,0,0,0.0,0.0,0,0.0,0.24,0,0,0.0,0.0,0.0,0.0,0,0
啜泣摇篮,3,684.02,0.0,0.0,0.0,0.0,0,0,0,0,0.0,0.0,0,0.0,0.24,0,0,0.0,0.0,0.0,0.0,0,0
啜泣摇篮,4,684.02,0.0,0.0,0.0,0.0,0,0,0,0,0.0,0.0,0,0.0,0.24,0,0,0.0,0.0,0.0,0.0,0,0
啜泣摇篮,5,684.02,0.0,0.0,0.0,0.0,0,0,0,0,0.0,0.0,0,0.0,0.24,0,0,0.0,0.0,0.0,0.0,0,0
防暴者VI型,1,713.76,0.0,0.0,0.0,0.0,0,0,0,0,0.15,0.48,78,0.0,0.0,0,0,0.0,0.0,0.0,0.0,0,0
防暴者VI型,2,713.76,0.0,0.0,0.0,0.0,0,0,0,0,0.15,0.48,78,0.0,0.0,0,0,0.0,0.0,0.0,0.0,0,0
防暴者VI型,3,713.76,0.0,0.0,0.0,0.0,0,0,0,0,0.15,0.48,78,0.0,0.0,0,0,0.0,0.0,0.0,0.0,0,0
防暴者VI型,4,713.76,0.0,0.0,0.0,0.0,0,0,0,0,0.15,0.48,78,0.0,0.0,0,0,0.0,0.0,0.0,0.0,0,0
防暴者VI型,5,713.76,0.0,0.0,0.0,0.0,0,0,0,0,0.15,0.48,78,0.0,0.0,0,0,0.0,0.0,0.0,0.0,0,0
好斗的阿炮,1,624.54,0.0,0.0,0.0,0.0,0,0,0,0,0.0,0.0,0,0.5,0.0,0,0,0.0,0.0,0.0,0.0,0,0
好斗的阿炮,2,624.54,0.0,0.0,0.0,0.0,0,0,0,0,0.0,0.0,0,0.5,0.0,0,0,0.0,0.0,0.0,0.0,0,0
好斗的阿炮,3,624.54,0.0,0.0,0.0,0.0,0,0,0,0,0.0,0.0,0,0.5,0.0,0,0,0.0,0.0,0.0,0.0,0,0
好斗的阿炮,4,624.54,0.0,0.0,0.0,0.0,0,0,0,0,0.0,0.0,0,0.5,0.0,0,0,0.0,0.0,0.0,0.0,0,0
好斗的阿炮,5,624.54,0.0,0.0,0.0,0.0,0,0,0,0,0.0,0.0,0,0.5,0.0,0,0,0.0,0.0,0.0,0.0,0,0
轰鸣座驾,1,594.8,0.0,0.25,0.0,0.0,0,0,0,0,0.0,0.0,0,0.0,0.0,40,0,0.0,0.0,0.0,0.0,0,0
轰鸣座驾,2,594.8,0.0,0.25,0.0,0.0,0,0,0,0,0.0,0.0,0,0.0,0.0,0,0,0.0,0.0,0.0,0.0,0,0
轰鸣座驾,3,594.8,0.0,0.25,0.0,0.0,0,0,0,0,0.0,0.0,0,0.0,0.0,0,0,0.0,0.0,0.0,0.0,0,0
轰鸣座驾,4,594.8,0.0,0.25,0.0,0.0,0,0,0,0,0.0,0.0,0,0.0,0.0,0,0,0.0,0.0,0.0,0.0,0,0
轰鸣座驾,5,594.8,0.0,0.25,0.0,0.0,0,0,0,0,0.0,0.0,0,0.0,0.0,60,0,0.0,0.0,0.0,0.0,0,0
淬锋钳刺,1,713.76,0.0,0.0,0.0,0.0,0,0,0,0,0.0,0.0,0,0.0,0.0,90,0,0.0,0.0,0.0,0.36,0,0
淬锋钳刺,2,713.76,0.0,0.0,0.0,0.0,0,0,0,0,0.0,0.0,0,0.0,0.0,90,0,0.0,0.0,0.0,0.0,0,0
淬锋钳刺,3,713.76,0.0,0.0,0.0,0.0,0,0,0,0,0.0,0.0,0,0.0,0.0,90,0,0.0,0.0,0.0,0.0,0,0
淬锋钳刺,4,713.76,0.0,0.0,0.0,0.0,0,0,0,0,0.0,0.0,0,0.0,0.0,90,0,0.0,0.0,0.0,0.0,0,0
淬锋钳刺,5,713.76,0.0,0.0,0.0,0.0,0,0,0,0,0.0,0.0,0,0.0,0.0,90,0,0.0,0.0,0.0,0.72,0,0
维序者-特化型,1,624.54,0.0,0.25,0.0,0.0,0,0,0,0,0.0,0.0,0,0.0,0.0,0,0,0.0,0.0,0.0,0.0,0,0
维序者-特化型,2,624.54,0.0,0.25,0.0,0.0,0,0,0,0,0.0,0.0,0,0.0,0.0,0,0,0.0,0.0,0.0,0.0,0,0
维序者-特化型,3,624.54,0.0,0.25,0.0,0.0,0,0,0,0,0.0,0.0,0,0.0,0.0,0,0,0.0,0.0,0.0,0.0,0,0
维序者-特化型,4,624.54,0.0,0.25,0.0,0.0,0,0,0,0,0.0,0.0,0,0.0,0.0,0,0,0.0,0.0,0.0,0.0,0,0
维序者-特化型,5,624.54,0.0,0.25,0.0,0.0,0,0,0,0,0.0,0.0,0,0.41025641,0.0,0,0,0.0,0.0,0.0,0.0,0,0
奔袭獠牙,1,713.76,0.0,0.0,0.0,0.18,0,0,0,0,0.0,0.0,0,0.0,0.0,0,0,0.0,0.0,0.0,0.0,0,0
奔袭獠牙,2,713.76,0.0,0.0,0.0,0.18,0,0,0,0,0.0,0.0,0,0.0,0.0,0,0,0.0,0.0,0.0,0.0,0,0
奔袭獠牙,3,713.76,0.0,0.0,0.0,0.18,0,0,0,0,0.0,0.0,0,0.0,0.0,0,0,0.0,0.0,0.0,0.0,0,0
奔袭獠牙,4,713.76,0.0,0.0,0.0,0.18,0,0,0,0,0.0,0.0,0,0.0,0.0,0,0,0.0,0.0,0.0,0.0,0,0
奔袭獠牙,5,713.76,0.0,0.0,0.0,0.18,0,0,0,0,0.0,0.0,0,0.0,0.0,0,0,0.0,0.0,0.0,0.0,0,0
灼心摇壶,1,713.76,0.0,0.3,0.0,0.0,0,0,0,0,0.0,0.0,0,0.384615385,0.0,0,0,0.0,0.0,0.0,0.0,0,0
灼心摇壶,2,713.76,0.0,0.3,0.0,0.0,0,0,0,0,0.0,0.0,0,0.384615385,0.0,0,0,0.0,0.0,0.0,0.0,0,0
灼心摇壶,3,713.76,0.0,0.3,0.0,0.0,0,0,0,0,0.0,0.0,0,0.384615385,0.0,0,0,0.0,0.0,0.0,0.0,0,0
灼心摇壶,4,713.76,0.0,0.3,0.0,0.0,0,0,0,0,0.0,0.0,0,0.384615385,0.0,0,0,0.0,0.0,0.0,0.0,0,0
灼心摇壶,5,713.76,0.0,0.3,0.0,0.0,0,0,0,0,0.0,0.0,0,0.384615385,0.0,0,0,0.0,0.0,0.0,0.0,0,0
时流贤者,1,713.76,0.0,0.3,0.0,0.0,0,0,0,0,0.0,0.0,0,0.0,0.0,0,0,0.0,0.0,0.0,0.0,0,0
时流贤者,2,713.76,0.0,0.3,0.0,0.0,0,0,0,0,0.0,0.0,0,0.0,0.0,0,0,0.0,0.0,0.0,0.0,0,0
时流贤者,3,713.76,0.0,0.3,0.0,0.0,0,0,0,0,0.0,0.0,0,0.0,0.0,0,0,0.0,0.0,0.0,0.0,0,0
时流贤者,4,713.76,0.0,0.3,0.0,0.0,0,0,0,0,0.0,0.0,0,0.0,0.0,0,0,0.0,0.0,0.0,0.0,0,0
时流贤者,5,713.76,0.0,0.3,0.0,0.0,0,0,0,0,0.0,0.0,0,0.0,0.0,0,0,0.0,0.0,0.0,0.0,0,0
霰落星殿,1,743.5,0.0,0.0,0.0,0.0,0,0,0,0,0.24,0.0,0,0.0,0.0,0,0,0.0,0.0,0.0,0.0,0,0
霰落星殿,2,743.5,0.0,0.0,0.0,0.0,0,0,0,0,0.24,0.0,0,0.0,0.0,0,0,0.0,0.0,0.0,0.0,0,0
霰落星殿,3,743.5,0.0,0.0,0.0,0.0,0,0,0,0,0.24,0.0,0,0.0,0.0,0,0,0.0,0.0,0.0,0.0,0,0
霰落星殿,4,743.5,0.0,0.0,0.0,0.0,0,0,0,0,0.24,0.0,0,0.0,0.0,0,0,0.0,0.0,0.0,0.0,0,0
霰落星殿,5,743.5,0.0,0.0,0.0,0.0,0,0,0,0,0.24,0.0,0,0.0,0.0,0,0,0.0,0.0,0.0,0.0,0,0
残心青囊,1,713.76,0.0,0.0,0.0,0.0,0,0,0,0,0.0,0.48,0,0.0,0.0,0,0,0.0,0.0,0.0,0.0,0,0
残心青囊,2,713.76,0.0,0.0,0.0,0.0,0,0,0,0,0.0,0.48,0,0.0,0.0,0,0,0.0,0.0,0.0,0.0,0,0
残心青囊,3,713.76,0.0,0.0,0.0,0.0,0,0,0,0,0.0,0.48,0,0.0,0.0,0,0,0.0,0.0,0.0,0.0,0,0
残心青囊,4,713.76,0.0,0.0,0.0,0.0,0,0,0,0,0.0,0.48,0,0.0,0.0,0,0,0.0,0.0,0.0,0.0,0,0
残心青囊,5,713.76,0.0,0.0,0.0,0.0,0,0,0,0,0.0,0.48,0,0.0,0.0,0,0,0.0,0.0,0.0,0.0,0,0
鎏金花信,1,594.8,0.0,0.25,0.0,0.0,0,0,0,0,0.0,0.0,0,0.0,0.0,0,0,0.0,0.0,0.0,0.0,0,0
鎏金花信,2,594.8,0.0,0.25,0.0,0.0,0,0,0,0,0.0,0.0,0,0.0,0.0,0,0,0.0,0.0,0.0,0.0,0,0
鎏金花信,3,594.8,0.0,0.25,0.0,0.0,0,0,0,0,0.0,0.0,0,0.0,0.0,0,0,0.0,0.0,0.0,0.0,0,0
鎏金花信,4,594.8,0.0,0.25,0.0,0.0,0,0,0,0,0.0,0.0,0,0.0,0.0,0,0,0.0,0.0,0.0,0.0,0,0
鎏金花信,5,594.8,0.0,0.25,0.0,0.0,0,0,0,0,0.0,0.0,0,0.0,0.0,0,0,0.0,0.0,0.0,0.0,0,0
强音热望,1,594.8,0.0,0.0,0.0,0.0,0,0,0,0,0.2,0.0,0,0.0,0.0,0,0,0.0,0.0,0.0,0.0,0,0
强音热望,2,594.8,0.0,0.0,0.0,0.0,0,0,0,0,0.2,0.0,0,0.0,0.0,0,0,0.0,0.0,0.0,0.0,0,0
强音热望,3,594.8,0.0,0.0,0.0,0.0,0,0,0,0,0.2,0.0,0,0.0,0.0,0,0,0.0,0.0,0.0,0.0,0,0
强音热望,4,594.8,0.0,0.0,0.0,0.0,0,0,0,0,0.2,0.0,0,0.0,0.0,0,0,0.0,0.0,0.0,0.0,0,0
强音热望,5,594.8,0.0,0.0,0.0,0.0,0,0,0,0,0.2,0.0,0,0.0,0.0,0,0,0.0,0.0,0.0,0.0,0,0
玉壶青冰,1,713.76,0.0,0.0,0.0,0.18,0,0,0,0,0.0,0.0,0,0.0,0.0,0,0,0.0,0.0,0.0,0.0,0,0
玉壶青冰,2,713.76,0.0,0.0,0.0,0.18,0,0,0,0,0.0,0.0,0,0.0,0.0,0,0,0.0,0.0,0.0,0.0,0,0
玉壶青冰,3,713.76,0.0,0.0,0.0,0.18,0,0,0,0,0.0,0.0,0,0.0,0.0,0,0,0.0,0.0,0.0,0.0,0,0
玉壶青冰,4,713.76,0.0,0.0,0.0,0.18,0,0,0,0,0.0,0.0,0,0.0,0.0,0,0,0.0,0.0,0.0,0.0,0,0
玉壶青冰,5,713.76,0.0,0.0,0.0,0.18,0,0,0,0,0.0,0.0,0,0.0,0.0,0,0,0.0,0.0,0.0,0.0,0,0
焰心桂冠,1,713.76,0.0,0.0,0.0,0.18,0,0,0,0,0.0,0.0,0,0.0,0.0,0,0,0.0,0.0,0.0,0.0,0,0
焰心桂冠,2,713.76,0.0,0.0,0.0,0.18,0,0,0,0,0.0,0.0,0,0.0,0.0,0,0,0.0,0.0,0.0,0.0,0,0
焰心桂冠,3,713.76,0.0,0.0,0.0,0.18,0,0,0,0,0.0,0.0,0,0.0,0.0,0,0,0.0,0.0,0.0,0.0,0,0
焰心桂冠,4,713.76,0.0,0.0,0.0,0.18,0,0,0,0,0.0,0.0,0,0.0,0.0,0,0,0.0,0.0,0.0,0.0,0,0
焰心桂冠,5,713.76,0.0,0.0,0.0,0.18,0,0,0,0,0.0,0.0,0,0.0,0.0,0,0,0.0,0.0,0.0,0.0,0,0
玲珑妆匣,1,713.76,0.0,0.3,0.0,0.0,0,0,0,0,0.0,0.0,0,0.0,0.0,0,0,0.0,0.0,0.0,0.0,0,0
玲珑妆匣,2,713.76,0.0,0.3,0.0,0.0,0,0,0,0,0.0,0.0,0,0.0,0.0,0,0,0.0,0.0,0.0,0.0,0,0
玲珑妆匣,3,713.76,0.0,0.3,0.0,0.0,0,0,0,0,0.0,0.0,0,0.0,0.0,0,0,0.0,0.0,0.0,0.0,0,0
玲珑妆匣,4,713.76,0.0,0.3,0.0,0.0,0,0,0,0,0.0,0.0,0,0.0,0.0,0,0,0.0,0.0,0.0,0.0,0,0
玲珑妆匣,5,713.76,0.0,0.3,0.0,0.0,0,0,0,0,0.0,0.0,0,0.0,0.0,0,0,0.0,0.0,0.0,0.0,0,0
心弦夜响,1,713.76,0.0,0.0,0.0,0.0,0,0,0,0,0.24,0.0,0,0.0,0.0,0,0,0.0,0.0,0.0,0.0,0,0
心弦夜响,2,713.76,0.0,0.0,0.0,0.0,0,0,0,0,0.24,0.0,0,0.0,0.0,0,0,0.0,0.0,0.0,0.0,0,0
心弦夜响,3,713.76,0.0,0.0,0.0,0.0,0,0,0,0,0.24,0.0,0,0.0,0.0,0,0,0.0,0.0,0.0,0.0,0,0
心弦夜响,4,713.76,0.0,0.0,0.0,0.0,0,0,0,0,0.24,0.0,0,0.0,0.0,0,0,0.0,0.0,0.0,0.0,0,0
心弦夜响,5,713.76,0.0,0.0,0.0,0.0,0,0,0,0,0.24,0.0,0,0.0,0.0,0,0,0.0,0.0,0.0,0.0,0,0
牺牲洁纯,1,713.76,0.0,0.0,0.0,0.0,0,0,0,0,0.0,0.48,0,0.0,0.0,0,0,0.0,0.0,0.0,0.0,0,0
牺牲洁纯,2,713.76,0.0,0.0,0.0,0.0,0,0,0,0,0.0,0.48,0,0.0,0.0,0,0,0.0,0.0,0.0,0.0,0,0
牺牲洁纯,3,713.76,0.0,0.0,0.0,0.0,0,0,0,0,0.0,0.48,0,0.0,0.0,0,0,0.0,0.0,0.0,0.0,0,0
牺牲洁纯,4,713.76,0.0,0.0,0.0,0.0,0,0,0,0,0.0,0.48,0,0.0,0.0,0,0,0.0,0.0,0.0,0.0,0,0
牺牲洁纯,5,713.76,0.0,0.0,0.0,0.0,0,0,0,0,0.0,0.48,0,0.0,0.0,0,0,0.0,0.0,0.0,0.0,0,0
索魂影眸,1,713.76,0.0,0.0,0.0,0.0,0,0,0,0,0.24,0.0,0,0.0,0.0,0,0,0.0,0.0,0.0,0.0,0,0
索魂影眸,2,713.76,0.0,0.0,0.0,0.0,0,0,0,0,0.24,0.0,0,0.0,0.0,0,0,0.0,0.0,0.0,0.0,0,0
索魂影眸,3,713.76,0.0,0.0,0.0,0.0,0,0,0,0,0.24,0.0,0,0.0,0.0,0,0,0.0,0.0,0.0,0.0,0,0
索魂影眸,4,713.76,0.0,0.0,0.0,0.0,0,0,0,0,0.24,0.0,0,0.0,0.0,0,0,0.0,0.0,0.0,0.0,0,0
索魂影眸,5,713.76,0.0,0.0,0.0,0.0,0,0,0,0,0.24,0.0,0,0.0,0.0,0,0,0.0,0.0,0.0,0.0,0,0
